tid,prov,owner,name,expiry,area_ha,anniversary,drop_after,lon,lat
1124566,BC,"BILLINGSLEY, RICHARD JOHN",Kelly Creek 7,2026-07-17,1881.4,False,2026-10-05,-128.25797,54.42899
1124565,BC,"BILLINGSLEY, RICHARD JOHN",Kelly Creek 6,2026-07-17,1486.3,False,2026-10-05,-128.32985,54.43107
1134850,BC,"TWA, JOSHUA",Aldridge Iron,2027-07-01,1391.6,False,2026-10-05,-116.32293,49.2562
1124567,BC,"BILLINGSLEY, RICHARD JOHN",Kelly Creek 8,2026-07-17,583.5,False,2026-10-05,-128.23922,54.40816
1126866,BC,"SHEARER, JOHAN THOM",Fire Creek i,2026-10-08,458.9,False,2026-10-05,-122.24817,49.78734
1135306,BC,"DELORME, GUY RICHARD",porphery 2,2027-07-12,343.8,False,2026-10-05,-117.13236,51.26455
1134785,BC,"GHEYLE, JAMES",SB Lady A,2027-06-30,339.4,False,2026-10-05,-123.97636,48.94565
1136801,BC,EAGLE PLAINS RESOURCES LTD.,IR 20260731_2,2027-07-31,337.6,False,2026-10-05,-116.36981,49.21245
1134853,BC,"ARMSTRONG, LAWRENCE ARTHUR",Liger Extension,2027-07-01,337.3,False,2026-10-05,-116.25418,49.25828
1136680,BC,"DELORME, GUY RICHARD",assurance,2027-07-26,272.4,False,2026-10-05,-116.66046,49.55827
1136791,BC,"DELORME, GUY RICHARD",snow king,2027-07-30,251.5,False,2026-10-05,-116.65417,49.54577
1125322,BC,"PLOURDE, MONTANNA",DAVID'S SLING,2026-08-30,201.2,False,2026-10-05,-129.90485,55.56642
1136800,BC,EAGLE PLAINS RESOURCES LTD.,IR 20260731,2027-07-31,168.8,False,2026-10-05,-116.38856,49.21245
1127840,BC,"PLOURDE, MONTANNA",YellowBrick,2026-11-25,146.8,False,2026-10-05,-129.54545,55.43726
1135071,BC,"JAMES, CALEB AUSTIN",Findlay Creek,2027-07-08,145.0,False,2026-10-05,-115.87917,50.14164
1133849,BC,1244338 B.C. LTD.,SEVEN POINT,2027-06-06,136.0,False,2026-10-05,-121.3795,53.05621
1136681,BC,"DELORME, GUY RICHARD",baker,2027-07-26,125.7,False,2026-10-05,-116.65421,49.57286
1126517,BC,"DELORME, GUY RICHARD",bear,2026-09-28,111.8,False,2026-10-05,-128.6268,54.81438
1136777,BC,"MILLARD, ALAN EDWARD",AEM GC2,2027-07-29,105.8,False,2026-10-05,-115.26277,49.0958
1136689,BC,"DELORME, GUY RICHARD",,2027-07-26,104.8,False,2026-10-05,-116.66671,49.56869
1133639,BC,"GODFREY, COLE ALEXANDER",Anderson Bay,2027-06-01,104.8,False,2026-10-05,-124.15763,49.53941
1125323,BC,"PLOURDE, MONTANNA",TUKERY DINNER,2026-08-30,91.5,False,2026-10-05,-129.89235,55.556
1134834,BC,"MACKENZIE, STUART BLAKE",Sullins Three MC,2027-06-30,85.0,False,2026-10-05,-123.85759,48.87898
1134518,BC,"MACKENZIE, STUART BLAKE",Rheinhart Prospects 4,2027-06-23,84.9,False,2026-10-05,-124.0701,48.9394
1134885,BC,"BOT, JOHN CHRISOSTOM",Thea 2,2027-07-03,84.3,False,2026-10-05,-116.16667,49.25828
1135222,BC,"DELORME, GUY RICHARD",eagle cliff,2027-07-09,80.9,False,2026-10-05,-117.11986,51.26247
1135221,BC,"MORROW, ROBERT DONOVAN",Celista,2027-07-09,80.8,False,2026-10-05,-119.02618,51.34993
1116510,BC,"CASWELL, JERRY JAMES",LadyDi,2026-10-04,76.4,False,2026-10-05,-125.2766,53.77075
1125306,BC,"PLOURDE, MONTANNA",POINT OF NO RETURN,2026-08-29,73.4,False,2026-10-05,-129.68943,55.42475
1127028,BC,"FUNK, KELLY BRENT",,2026-10-18,72.3,False,2026-10-05,-129.89573,56.02688
1127632,BC,"ADAMSON, CHRISTOPHER",Tennyfrac1,2026-11-13,71.9,False,2026-10-05,-130.18014,56.2623
1127634,BC,"ADAMSON, CHRISTOPHER",Tennyfrac2,2026-11-13,71.8,False,2026-10-05,-130.18014,56.29147
1136778,BC,"MILLARD, ALAN EDWARD",AEM GC3,2027-07-29,63.4,False,2026-10-05,-115.28539,49.11038
1135075,BC,"VYE, JASON",Louis 3,2027-07-08,61.2,False,2026-10-05,-119.93559,50.83532
1133859,BC,"MACKENZIE, STUART BLAKE",Copper Canyon Prospects,2027-06-06,42.5,False,2026-10-05,-123.92009,48.84356
1134821,BC,"DEVEAULT, JUSTIN RON",Raymond Showing,2027-06-30,42.5,False,2026-10-05,-124.44512,48.88522
1126529,BC,"DION, SCOTT",Garnets & Gold,2026-09-28,41.9,False,2026-10-05,-121.80753,49.61026
1135224,BC,"HOLMES, JAMES DEREK",Beige,2027-07-09,41.8,False,2026-10-05,-116.78547,49.71245
1136116,BC,"SHEARER, JOHAN THOM",BBX 3,2027-07-19,41.5,False,2026-10-05,-115.88231,49.98538
1135074,BC,"JAMES, CALEB AUSTIN",Ivy Mine Extension,2027-07-08,41.4,False,2026-10-05,-115.87605,50.14789
1116511,BC,"BUTLER, BJARNE ADAM",Kodala,2026-10-04,40.8,False,2026-10-05,-125.28272,50.84775
1134880,BC,"HUBBELL, AUSTIN",M-King Mine,2027-07-03,40.6,False,2026-10-05,-119.50746,51.04783
1133651,BC,SEVEN5SEVEN HOLDINGS LTD,Cunningham,2027-06-02,38.9,False,2026-10-05,-121.30137,52.97704
1134778,BC,"EARL, AARON DOUGLAS",ANTLER BENCH,2027-06-30,38.7,False,2026-10-05,-121.42327,53.21663
1124714,BC,"BILLINGSLEY, RICHARD JOHN",Rio Grande SE,2026-07-30,37.3,False,2026-10-05,-127.32987,54.84155
1124717,BC,"SCOTT, STEVEN JEFFREY",,2026-07-30,37.2,False,2026-10-05,-127.32987,54.84988
1125304,BC,"PLOURDE, MONTANNA",WHISKEY TANGO FOXTROT,2026-08-29,36.6,False,2026-10-05,-129.80484,55.60392
1125303,BC,"PLOURDE, MONTANNA",DUKE GOLD,2026-08-29,36.5,False,2026-10-05,-129.80172,55.63101
1125484,BC,"SCOTT, STEVEN JEFFREY",,2026-09-07,36.4,False,2026-10-05,-129.97985,55.71642
1125053,BC,EAGLE PLAINS RESOURCES LTD.,Porter,2026-08-18,36.3,False,2026-10-05,-129.93304,55.88935
1127030,BC,SCOTTIE RESOURCES CORP.,Border Gold,2026-10-18,36.2,False,2026-10-05,-129.90198,56.02271
1133640,BC,"STEWART, DEREK MICHAEL",Lower Meade,2027-06-01,21.3,False,2026-10-05,-124.08572,48.83939
1134772,BC,"BELANGER, JOELLE",El capitain,2027-06-30,21.2,False,2026-10-05,-124.21698,48.95607
1136099,BC,"BOT, JOHN CHRISOSTOM",North Star,2027-07-18,21.2,False,2026-10-05,-116.91046,49.02701
1135220,BC,"MILLARD, ALAN EDWARD",AEM GC1,2027-07-09,21.2,False,2026-10-05,-115.25414,49.08955
1134713,BC,"PETFORD, CHAD ALLAN",SC-01,2027-06-27,21.2,False,2026-10-05,-124.4295,49.00606
1135247,BC,"BOT, JOHN CHRISOSTOM",Cultus Creek,2027-07-10,21.1,False,2026-10-05,-116.91046,49.29785
1135246,BC,"BOT, JOHN CHRISOSTOM",Humdinger,2027-07-10,21.1,False,2026-10-05,-116.90421,49.27702
1134891,BC,"BOT, JOHN CHRISOSTOM",Thea 3,2027-07-04,21.1,False,2026-10-05,-116.16042,49.26037
1134872,BC,"BOT, JOHN CHRISOSTOM",Thea,2027-07-02,21.1,False,2026-10-05,-116.16667,49.26037
1134847,BC,GLEN ROAD RESOURCES,,2027-07-01,21.0,False,2026-10-05,-116.71046,49.45202
1136619,BC,"KOVALEVICH, CAROLYN ANN",WILD MC 2,2027-07-22,20.9,False,2026-10-05,-115.60416,49.6354
1136618,BC,"KOVALEVICH, CAROLYN ANN",WILD MC 1,2027-07-22,20.9,False,2026-10-05,-115.59166,49.65207
1134858,BC,"ESLIGER, TRAVIS JAMES LEE",Monback,2027-07-01,20.9,False,2026-10-05,-115.61041,49.61039
1135351,BC,"CHERRY, TOM ELSON",flg,2027-07-14,20.9,False,2026-10-05,-116.76672,49.70204
1135367,BC,"COLE, DAVID PATRICK",,2027-07-15,20.4,False,2026-10-05,-119.46683,50.93532
1135366,BC,"COLE, DAVID PATRICK",Diamond,2027-07-15,20.4,False,2026-10-05,-119.46683,50.93949
1134336,BC,"HUSEL, HOLLY ANNE",Beaver,2027-06-15,19.6,False,2026-10-05,-122.10453,52.68952
1133653,BC,"PUT, JARED GUSTAF",Cunningham Creek,2027-06-02,19.5,False,2026-10-05,-121.21075,52.93537
1124562,BC,"HAMEL, ROBERT JOSEPH",BL COPPER WEST,2026-07-17,18.9,False,2026-10-05,-125.88603,54.28532
1124606,BC,"FUNK, KELLY BRENT",Golden Nib,2026-07-21,18.8,False,2026-10-05,-128.46735,54.48941
1127139,BC,"SCOTT, STEVEN JEFFREY",,2026-10-23,18.4,False,2026-10-05,-129.68609,55.42267
1125302,BC,"PLOURDE, MONTANNA",EAST HASTINGS,2026-08-29,18.3,False,2026-10-05,-129.79234,55.61434
1129498,BC,"LANGILLE, MICHEAL SCOTT",GT Red,2027-01-24,18.2,False,2026-10-05,-129.74234,55.83101
1125501,BC,CAMBRIA GOLD MINES INC.,Bear,2026-09-08,18.0,False,2026-10-05,-130.01762,56.09355
039674M,NL,Jonathan Ballard,,2030-10-03,579.1,False,2026-10-05,-54.13156,48.11348
CDC-2795758,QC,Louis Girard 100%,,,57.6,False,2026-10-05,-71.3125,48.3125
CDC-2795800,QC,Perry Grunenberg 100%,,,55.7,False,2026-10-05,-67.6125,49.5375
CDC-2795791,QC,Perry Grunenberg 100%,,,55.7,False,2026-10-05,-67.6125,49.5125
CDC-2795794,QC,Perry Grunenberg 100%,,,55.7,False,2026-10-05,-67.6125,49.52083
CDC-2795797,QC,Perry Grunenberg 100%,,,55.7,False,2026-10-05,-67.6125,49.52917
CDC-2795802,QC,Perry Grunenberg 100%,,,55.7,False,2026-10-05,-67.59583,49.5375
CDC-2795804,QC,Perry Grunenberg 100%,,,55.7,False,2026-10-05,-67.59583,49.54583
CDC-2795792,QC,Perry Grunenberg 100%,,,55.7,False,2026-10-05,-67.60417,49.5125
CDC-2795795,QC,Perry Grunenberg 100%,,,55.7,False,2026-10-05,-67.60417,49.52083
CDC-2795798,QC,Perry Grunenberg 100%,,,55.7,False,2026-10-05,-67.60417,49.52917
CDC-2795799,QC,Perry Grunenberg 100%,,,55.7,False,2026-10-05,-67.59583,49.52917
CDC-2795801,QC,Perry Grunenberg 100%,,,55.7,False,2026-10-05,-67.60417,49.5375
CDC-2795803,QC,Perry Grunenberg 100%,,,55.7,False,2026-10-05,-67.60417,49.54583
CDC-2795796,QC,Perry Grunenberg 100%,,,55.7,False,2026-10-05,-67.59583,49.52083
CDC-2795793,QC,Perry Grunenberg 100%,,,55.7,False,2026-10-05,-67.59583,49.5125
CDC-2620954,QC,Steadright Critical Minerals inc. 100%,,,55.0,False,2026-10-05,-67.02083,49.97917
CDC-2795762,QC,Perry Grunenberg 100%,,,52.8,False,2026-10-05,-62.52917,51.4625
CDC-2795761,QC,Perry Grunenberg 100%,,,52.8,False,2026-10-05,-62.5375,51.4625
CDC-2795760,QC,Perry Grunenberg 100%,,,52.8,False,2026-10-05,-62.54583,51.4625
CDC-2795759,QC,Perry Grunenberg 100%,,,52.8,False,2026-10-05,-62.55417,51.4625
CDC-2795763,QC,Perry Grunenberg 100%,,,52.7,False,2026-10-05,-62.5625,51.47083
CDC-2795769,QC,Perry Grunenberg 100%,,,52.7,False,2026-10-05,-62.5625,51.47917
CDC-2795768,QC,Perry Grunenberg 100%,,,52.7,False,2026-10-05,-62.57083,51.47917
CDC-2795772,QC,Perry Grunenberg 100%,,,52.7,False,2026-10-05,-62.5375,51.47917
CDC-2795765,QC,Perry Grunenberg 100%,,,52.7,False,2026-10-05,-62.54583,51.47083
CDC-2795771,QC,Perry Grunenberg 100%,,,52.7,False,2026-10-05,-62.54583,51.47917
CDC-2795764,QC,Perry Grunenberg 100%,,,52.7,False,2026-10-05,-62.55417,51.47083
CDC-2795770,QC,Perry Grunenberg 100%,,,52.7,False,2026-10-05,-62.55417,51.47917
CDC-2795767,QC,Perry Grunenberg 100%,,,52.7,False,2026-10-05,-62.52917,51.47083
CDC-2795773,QC,Perry Grunenberg 100%,,,52.7,False,2026-10-05,-62.52917,51.47917
CDC-2795766,QC,Perry Grunenberg 100%,,,52.7,False,2026-10-05,-62.5375,51.47083
CDC-2796134,QC,9414-5448 Québec inc 100%,,,51.2,False,2026-10-05,-75.42917,52.5125
CDC-2796174,QC,9414-5448 Québec inc 100%,,,51.2,False,2026-10-05,-75.4375,52.52917
CDC-2796176,QC,9414-5448 Québec inc 100%,,,51.2,False,2026-10-05,-75.42083,52.52917
CDC-2796147,QC,9414-5448 Québec inc 100%,,,51.2,False,2026-10-05,-75.42083,52.52083
CDC-2796135,QC,9414-5448 Québec inc 100%,,,51.2,False,2026-10-05,-75.42083,52.5125
CDC-2796175,QC,9414-5448 Québec inc 100%,,,51.2,False,2026-10-05,-75.42917,52.52917
CDC-2796146,QC,9414-5448 Québec inc 100%,,,51.2,False,2026-10-05,-75.42917,52.52083
CDC-2796173,QC,9414-5448 Québec inc 100%,,,51.2,False,2026-10-05,-75.44583,52.52917
CDC-2796144,QC,9414-5448 Québec inc 100%,,,51.2,False,2026-10-05,-75.44583,52.52083
CDC-2796172,QC,9414-5448 Québec inc 100%,,,51.2,False,2026-10-05,-75.45417,52.52917
CDC-2796143,QC,9414-5448 Québec inc 100%,,,51.2,False,2026-10-05,-75.45417,52.52083
CDC-2796191,QC,9414-5448 Québec inc 100%,,,51.2,False,2026-10-05,-75.29583,52.52917
CDC-2796162,QC,9414-5448 Québec inc 100%,,,51.2,False,2026-10-05,-75.29583,52.52083
CDC-2796216,QC,9414-5448 Québec inc 100%,,,51.2,False,2026-10-05,-75.30417,52.5375
CDC-2796190,QC,9414-5448 Québec inc 100%,,,51.2,False,2026-10-05,-75.30417,52.52917
CDC-2796161,QC,9414-5448 Québec inc 100%,,,51.2,False,2026-10-05,-75.30417,52.52083
CDC-2796215,QC,9414-5448 Québec inc 100%,,,51.2,False,2026-10-05,-75.3125,52.5375
CDC-2796189,QC,9414-5448 Québec inc 100%,,,51.2,False,2026-10-05,-75.3125,52.52917
CDC-2796160,QC,9414-5448 Québec inc 100%,,,51.2,False,2026-10-05,-75.3125,52.52083
CDC-2796145,QC,9414-5448 Québec inc 100%,,,51.2,False,2026-10-05,-75.4375,52.52083
CDC-2796188,QC,9414-5448 Québec inc 100%,,,51.2,False,2026-10-05,-75.32083,52.52917
CDC-2796159,QC,9414-5448 Québec inc 100%,,,51.2,False,2026-10-05,-75.32083,52.52083
CDC-2795825,QC,9414-5448 Québec inc 100%,,,51.2,False,2026-10-05,-75.32083,52.49583
CDC-2796213,QC,9414-5448 Québec inc 100%,,,51.2,False,2026-10-05,-75.32917,52.5375
CDC-2796187,QC,9414-5448 Québec inc 100%,,,51.2,False,2026-10-05,-75.32917,52.52917
CDC-2796158,QC,9414-5448 Québec inc 100%,,,51.2,False,2026-10-05,-75.32917,52.52083
CDC-2796142,QC,9414-5448 Québec inc 100%,,,51.2,False,2026-10-05,-75.4625,52.52083
CDC-2796185,QC,9414-5448 Québec inc 100%,,,51.2,False,2026-10-05,-75.34583,52.52917
CDC-2796217,QC,9414-5448 Québec inc 100%,,,51.2,False,2026-10-05,-75.29583,52.5375
CDC-2796153,QC,9414-5448 Québec inc 100%,,,51.2,False,2026-10-05,-75.37083,52.52083
CDC-2795826,QC,9414-5448 Québec inc 100%,,,51.2,False,2026-10-05,-75.3125,52.49583
CDC-2796214,QC,9414-5448 Québec inc 100%,,,51.2,False,2026-10-05,-75.32083,52.5375
CDC-2795824,QC,9414-5448 Québec inc 100%,,,51.2,False,2026-10-05,-75.32917,52.49583
CDC-2796212,QC,9414-5448 Québec inc 100%,,,51.2,False,2026-10-05,-75.3375,52.5375
CDC-2796186,QC,9414-5448 Québec inc 100%,,,51.2,False,2026-10-05,-75.3375,52.52917
CDC-2796157,QC,9414-5448 Québec inc 100%,,,51.2,False,2026-10-05,-75.3375,52.52083
CDC-2795823,QC,9414-5448 Québec inc 100%,,,51.2,False,2026-10-05,-75.3375,52.49583
CDC-2796138,QC,9414-5448 Québec inc 100%,,,51.2,False,2026-10-05,-75.39583,52.5125
CDC-2795822,QC,9414-5448 Québec inc 100%,,,51.2,False,2026-10-05,-75.34583,52.49583
CDC-2796184,QC,9414-5448 Québec inc 100%,,,51.2,False,2026-10-05,-75.35417,52.52917
CDC-2796155,QC,9414-5448 Québec inc 100%,,,51.2,False,2026-10-05,-75.35417,52.52083
CDC-2795821,QC,9414-5448 Québec inc 100%,,,51.2,False,2026-10-05,-75.35417,52.49583
CDC-2796183,QC,9414-5448 Québec inc 100%,,,51.2,False,2026-10-05,-75.3625,52.52917
CDC-2796154,QC,9414-5448 Québec inc 100%,,,51.2,False,2026-10-05,-75.3625,52.52083
CDC-2795820,QC,9414-5448 Québec inc 100%,,,51.2,False,2026-10-05,-75.3625,52.49583
CDC-2796182,QC,9414-5448 Québec inc 100%,,,51.2,False,2026-10-05,-75.37083,52.52917
CDC-2796181,QC,9414-5448 Québec inc 100%,,,51.2,False,2026-10-05,-75.37917,52.52917
CDC-2796152,QC,9414-5448 Québec inc 100%,,,51.2,False,2026-10-05,-75.37917,52.52083
CDC-2796140,QC,9414-5448 Québec inc 100%,,,51.2,False,2026-10-05,-75.37917,52.5125
CDC-2796180,QC,9414-5448 Québec inc 100%,,,51.2,False,2026-10-05,-75.3875,52.52917
CDC-2796151,QC,9414-5448 Québec inc 100%,,,51.2,False,2026-10-05,-75.3875,52.52083
CDC-2796139,QC,9414-5448 Québec inc 100%,,,51.2,False,2026-10-05,-75.3875,52.5125
CDC-2796179,QC,9414-5448 Québec inc 100%,,,51.2,False,2026-10-05,-75.39583,52.52917
CDC-2796150,QC,9414-5448 Québec inc 100%,,,51.2,False,2026-10-05,-75.39583,52.52083
CDC-2796219,QC,9414-5448 Québec inc 100%,,,51.2,False,2026-10-05,-75.27917,52.5375
CDC-2796156,QC,9414-5448 Québec inc 100%,,,51.2,False,2026-10-05,-75.34583,52.52083
CDC-2796149,QC,9414-5448 Québec inc 100%,,,51.2,False,2026-10-05,-75.40417,52.52083
CDC-2796137,QC,9414-5448 Québec inc 100%,,,51.2,False,2026-10-05,-75.40417,52.5125
CDC-2796177,QC,9414-5448 Québec inc 100%,,,51.2,False,2026-10-05,-75.4125,52.52917
CDC-2796148,QC,9414-5448 Québec inc 100%,,,51.2,False,2026-10-05,-75.4125,52.52083
CDC-2796136,QC,9414-5448 Québec inc 100%,,,51.2,False,2026-10-05,-75.4125,52.5125
CDC-2796169,QC,9414-5448 Québec inc 100%,,,51.2,False,2026-10-05,-75.2375,52.52083
CDC-2796141,QC,9414-5448 Québec inc 100%,,,51.2,False,2026-10-05,-75.37083,52.5125
CDC-2795819,QC,9414-5448 Québec inc 100%,,,51.2,False,2026-10-05,-75.37083,52.49583
CDC-2796167,QC,9414-5448 Québec inc 100%,,,51.2,False,2026-10-05,-75.25417,52.52083
CDC-2796195,QC,9414-5448 Québec inc 100%,,,51.2,False,2026-10-05,-75.2625,52.52917
CDC-2796166,QC,9414-5448 Québec inc 100%,,,51.2,False,2026-10-05,-75.2625,52.52083
CDC-2796194,QC,9414-5448 Québec inc 100%,,,51.2,False,2026-10-05,-75.27083,52.52917
CDC-2796165,QC,9414-5448 Québec inc 100%,,,51.2,False,2026-10-05,-75.27083,52.52083
CDC-2796178,QC,9414-5448 Québec inc 100%,,,51.2,False,2026-10-05,-75.40417,52.52917
CDC-2796218,QC,9414-5448 Québec inc 100%,,,51.2,False,2026-10-05,-75.2875,52.5375
CDC-2796192,QC,9414-5448 Québec inc 100%,,,51.2,False,2026-10-05,-75.2875,52.52917
CDC-2796163,QC,9414-5448 Québec inc 100%,,,51.2,False,2026-10-05,-75.2875,52.52083
CDC-2796168,QC,9414-5448 Québec inc 100%,,,51.2,False,2026-10-05,-75.24583,52.52083
CDC-2796193,QC,9414-5448 Québec inc 100%,,,51.2,False,2026-10-05,-75.27917,52.52917
CDC-2796164,QC,9414-5448 Québec inc 100%,,,51.2,False,2026-10-05,-75.27917,52.52083
CDC-2796200,QC,9414-5448 Québec inc 100%,,,51.2,False,2026-10-05,-75.4375,52.5375
CDC-2796199,QC,9414-5448 Québec inc 100%,,,51.2,False,2026-10-05,-75.44583,52.5375
CDC-2796197,QC,9414-5448 Québec inc 100%,,,51.2,False,2026-10-05,-75.4625,52.5375
CDC-2796171,QC,9414-5448 Québec inc 100%,,,51.2,False,2026-10-05,-75.4625,52.52917
CDC-2796196,QC,9414-5448 Québec inc 100%,,,51.2,False,2026-10-05,-75.47083,52.5375
CDC-2796170,QC,9414-5448 Québec inc 100%,,,51.2,False,2026-10-05,-75.47083,52.52917
CDC-2796201,QC,9414-5448 Québec inc 100%,,,51.2,False,2026-10-05,-75.42917,52.5375
CDC-2796198,QC,9414-5448 Québec inc 100%,,,51.2,False,2026-10-05,-75.45417,52.5375
CDC-2796209,QC,9414-5448 Québec inc 100%,,,51.2,False,2026-10-05,-75.3625,52.5375
CDC-2796210,QC,9414-5448 Québec inc 100%,,,51.2,False,2026-10-05,-75.35417,52.5375
CDC-2796211,QC,9414-5448 Québec inc 100%,,,51.2,False,2026-10-05,-75.34583,52.5375
CDC-2796202,QC,9414-5448 Québec inc 100%,,,51.2,False,2026-10-05,-75.42083,52.5375
CDC-2796203,QC,9414-5448 Québec inc 100%,,,51.2,False,2026-10-05,-75.4125,52.5375
CDC-2796204,QC,9414-5448 Québec inc 100%,,,51.2,False,2026-10-05,-75.40417,52.5375
CDC-2796205,QC,9414-5448 Québec inc 100%,,,51.2,False,2026-10-05,-75.39583,52.5375
CDC-2796206,QC,9414-5448 Québec inc 100%,,,51.2,False,2026-10-05,-75.3875,52.5375
CDC-2796207,QC,9414-5448 Québec inc 100%,,,51.2,False,2026-10-05,-75.37917,52.5375
CDC-2796208,QC,9414-5448 Québec inc 100%,,,51.2,False,2026-10-05,-75.37083,52.5375
CDC-2795810,QC,9414-5448 Québec inc 100%,,,51.2,False,2026-10-05,-75.37083,52.4875
CDC-2795811,QC,9414-5448 Québec inc 100%,,,51.2,False,2026-10-05,-75.3625,52.4875
CDC-2795812,QC,9414-5448 Québec inc 100%,,,51.2,False,2026-10-05,-75.35417,52.4875
CDC-2795813,QC,9414-5448 Québec inc 100%,,,51.2,False,2026-10-05,-75.34583,52.4875
CDC-2795805,QC,9414-5448 Québec inc 100%,,,51.2,False,2026-10-05,-75.3375,52.47917
CDC-2795808,QC,9414-5448 Québec inc 100%,,,51.2,False,2026-10-05,-75.3125,52.47917
CDC-2795817,QC,9414-5448 Québec inc 100%,,,51.2,False,2026-10-05,-75.3125,52.4875
CDC-2795816,QC,9414-5448 Québec inc 100%,,,51.2,False,2026-10-05,-75.32083,52.4875
CDC-2795807,QC,9414-5448 Québec inc 100%,,,51.2,False,2026-10-05,-75.32083,52.47917
CDC-2795815,QC,9414-5448 Québec inc 100%,,,51.2,False,2026-10-05,-75.32917,52.4875
CDC-2795806,QC,9414-5448 Québec inc 100%,,,51.2,False,2026-10-05,-75.32917,52.47917
CDC-2795814,QC,9414-5448 Québec inc 100%,,,51.2,False,2026-10-05,-75.3375,52.4875
CDC-2795818,QC,9414-5448 Québec inc 100%,,,51.2,False,2026-10-05,-75.30417,52.4875
CDC-2795809,QC,9414-5448 Québec inc 100%,,,51.2,False,2026-10-05,-75.30417,52.47917
CDC-2795827,QC,9414-5448 Québec inc 100%,,,51.2,False,2026-10-05,-75.30417,52.49583
CDC-2796063,QC,9414-5448 Québec inc 100%,,,51.1,False,2026-10-05,-75.4375,52.6125
CDC-2796064,QC,9414-5448 Québec inc 100%,,,51.1,False,2026-10-05,-75.42917,52.6125
CDC-2796065,QC,9414-5448 Québec inc 100%,,,51.1,False,2026-10-05,-75.42083,52.6125
CDC-2796045,QC,9414-5448 Québec inc 100%,,,51.1,False,2026-10-05,-75.42083,52.60417
CDC-2796062,QC,9414-5448 Québec inc 100%,,,51.1,False,2026-10-05,-75.44583,52.6125
CDC-2796060,QC,9414-5448 Québec inc 100%,,,51.1,False,2026-10-05,-75.4625,52.6125
CDC-2796061,QC,9414-5448 Québec inc 100%,,,51.1,False,2026-10-05,-75.45417,52.6125
CDC-2796049,QC,9414-5448 Québec inc 100%,,,51.1,False,2026-10-05,-75.3875,52.60417
CDC-2796050,QC,9414-5448 Québec inc 100%,,,51.1,False,2026-10-05,-75.37917,52.60417
CDC-2796043,QC,9414-5448 Québec inc 100%,,,51.1,False,2026-10-05,-75.3125,52.59583
CDC-2796044,QC,9414-5448 Québec inc 100%,,,51.1,False,2026-10-05,-75.30417,52.59583
CDC-2796066,QC,9414-5448 Québec inc 100%,,,51.1,False,2026-10-05,-75.4125,52.6125
CDC-2796048,QC,9414-5448 Québec inc 100%,,,51.1,False,2026-10-05,-75.39583,52.60417
CDC-2796067,QC,9414-5448 Québec inc 100%,,,51.1,False,2026-10-05,-75.40417,52.6125
CDC-2796068,QC,9414-5448 Québec inc 100%,,,51.1,False,2026-10-05,-75.39583,52.6125
CDC-2796069,QC,9414-5448 Québec inc 100%,,,51.1,False,2026-10-05,-75.3875,52.6125
CDC-2796070,QC,9414-5448 Québec inc 100%,,,51.1,False,2026-10-05,-75.37917,52.6125
CDC-2796071,QC,9414-5448 Québec inc 100%,,,51.1,False,2026-10-05,-75.37083,52.6125
CDC-2796072,QC,9414-5448 Québec inc 100%,,,51.1,False,2026-10-05,-75.3625,52.6125
CDC-2796073,QC,9414-5448 Québec inc 100%,,,51.1,False,2026-10-05,-75.35417,52.6125
CDC-2796074,QC,9414-5448 Québec inc 100%,,,51.1,False,2026-10-05,-75.34583,52.6125
CDC-2796075,QC,9414-5448 Québec inc 100%,,,51.1,False,2026-10-05,-75.3375,52.6125
CDC-2796076,QC,9414-5448 Québec inc 100%,,,51.1,False,2026-10-05,-75.32917,52.6125
CDC-2796046,QC,9414-5448 Québec inc 100%,,,51.1,False,2026-10-05,-75.4125,52.60417
CDC-2796047,QC,9414-5448 Québec inc 100%,,,51.1,False,2026-10-05,-75.40417,52.60417
CDC-2796042,QC,9414-5448 Québec inc 100%,,,51.1,False,2026-10-05,-75.32083,52.59583
CDC-2796006,QC,9414-5448 Québec inc 100%,,,51.1,False,2026-10-05,-75.35417,52.57083
CDC-2796271,QC,9414-5448 Québec inc 100%,,,51.1,False,2026-10-05,-75.42083,52.5625
CDC-2796051,QC,9414-5448 Québec inc 100%,,,51.1,False,2026-10-05,-75.37083,52.60417
CDC-2796052,QC,9414-5448 Québec inc 100%,,,51.1,False,2026-10-05,-75.3625,52.60417
CDC-2796055,QC,9414-5448 Québec inc 100%,,,51.1,False,2026-10-05,-75.3375,52.60417
CDC-2796056,QC,9414-5448 Québec inc 100%,,,51.1,False,2026-10-05,-75.32917,52.60417
CDC-2796057,QC,9414-5448 Québec inc 100%,,,51.1,False,2026-10-05,-75.32083,52.60417
CDC-2796024,QC,9414-5448 Québec inc 100%,,,51.1,False,2026-10-05,-75.3875,52.5875
CDC-2796025,QC,9414-5448 Québec inc 100%,,,51.1,False,2026-10-05,-75.37917,52.5875
CDC-2796010,QC,9414-5448 Québec inc 100%,,,51.1,False,2026-10-05,-75.42083,52.57917
CDC-2796026,QC,9414-5448 Québec inc 100%,,,51.1,False,2026-10-05,-75.37083,52.5875
CDC-2796027,QC,9414-5448 Québec inc 100%,,,51.1,False,2026-10-05,-75.3625,52.5875
CDC-2796028,QC,9414-5448 Québec inc 100%,,,51.1,False,2026-10-05,-75.35417,52.5875
CDC-2796029,QC,9414-5448 Québec inc 100%,,,51.1,False,2026-10-05,-75.34583,52.5875
CDC-2796017,QC,9414-5448 Québec inc 100%,,,51.1,False,2026-10-05,-75.3625,52.57917
CDC-2796018,QC,9414-5448 Québec inc 100%,,,51.1,False,2026-10-05,-75.35417,52.57917
CDC-2796019,QC,9414-5448 Québec inc 100%,,,51.1,False,2026-10-05,-75.34583,52.57917
CDC-2796005,QC,9414-5448 Québec inc 100%,,,51.1,False,2026-10-05,-75.3625,52.57083
CDC-2796011,QC,9414-5448 Québec inc 100%,,,51.1,False,2026-10-05,-75.4125,52.57917
CDC-2796012,QC,9414-5448 Québec inc 100%,,,51.1,False,2026-10-05,-75.40417,52.57917
CDC-2796053,QC,9414-5448 Québec inc 100%,,,51.1,False,2026-10-05,-75.35417,52.60417
CDC-2796054,QC,9414-5448 Québec inc 100%,,,51.1,False,2026-10-05,-75.34583,52.60417
CDC-2796004,QC,9414-5448 Québec inc 100%,,,51.1,False,2026-10-05,-75.37083,52.57083
CDC-2796058,QC,9414-5448 Québec inc 100%,,,51.1,False,2026-10-05,-75.3125,52.60417
CDC-2796059,QC,9414-5448 Québec inc 100%,,,51.1,False,2026-10-05,-75.30417,52.60417
CDC-2796036,QC,9414-5448 Québec inc 100%,,,51.1,False,2026-10-05,-75.37083,52.59583
CDC-2796037,QC,9414-5448 Québec inc 100%,,,51.1,False,2026-10-05,-75.3625,52.59583
CDC-2796038,QC,9414-5448 Québec inc 100%,,,51.1,False,2026-10-05,-75.35417,52.59583
CDC-2796039,QC,9414-5448 Québec inc 100%,,,51.1,False,2026-10-05,-75.34583,52.59583
CDC-2796040,QC,9414-5448 Québec inc 100%,,,51.1,False,2026-10-05,-75.3375,52.59583
CDC-2796041,QC,9414-5448 Québec inc 100%,,,51.1,False,2026-10-05,-75.32917,52.59583
CDC-2796013,QC,9414-5448 Québec inc 100%,,,51.1,False,2026-10-05,-75.39583,52.57917
CDC-2796014,QC,9414-5448 Québec inc 100%,,,51.1,False,2026-10-05,-75.3875,52.57917
CDC-2796015,QC,9414-5448 Québec inc 100%,,,51.1,False,2026-10-05,-75.37917,52.57917
CDC-2796016,QC,9414-5448 Québec inc 100%,,,51.1,False,2026-10-05,-75.37083,52.57917
CDC-2795998,QC,9414-5448 Québec inc 100%,,,51.1,False,2026-10-05,-75.42083,52.57083
CDC-2795999,QC,9414-5448 Québec inc 100%,,,51.1,False,2026-10-05,-75.4125,52.57083
CDC-2796000,QC,9414-5448 Québec inc 100%,,,51.1,False,2026-10-05,-75.40417,52.57083
CDC-2796001,QC,9414-5448 Québec inc 100%,,,51.1,False,2026-10-05,-75.39583,52.57083
CDC-2796002,QC,9414-5448 Québec inc 100%,,,51.1,False,2026-10-05,-75.3875,52.57083
CDC-2796003,QC,9414-5448 Québec inc 100%,,,51.1,False,2026-10-05,-75.37917,52.57083
CDC-2796030,QC,9414-5448 Québec inc 100%,,,51.1,False,2026-10-05,-75.42083,52.59583
CDC-2796031,QC,9414-5448 Québec inc 100%,,,51.1,False,2026-10-05,-75.4125,52.59583
CDC-2796032,QC,9414-5448 Québec inc 100%,,,51.1,False,2026-10-05,-75.40417,52.59583
CDC-2796033,QC,9414-5448 Québec inc 100%,,,51.1,False,2026-10-05,-75.39583,52.59583
CDC-2796034,QC,9414-5448 Québec inc 100%,,,51.1,False,2026-10-05,-75.3875,52.59583
CDC-2796035,QC,9414-5448 Québec inc 100%,,,51.1,False,2026-10-05,-75.37917,52.59583
CDC-2796020,QC,9414-5448 Québec inc 100%,,,51.1,False,2026-10-05,-75.42083,52.5875
CDC-2796021,QC,9414-5448 Québec inc 100%,,,51.1,False,2026-10-05,-75.4125,52.5875
CDC-2796022,QC,9414-5448 Québec inc 100%,,,51.1,False,2026-10-05,-75.40417,52.5875
CDC-2796023,QC,9414-5448 Québec inc 100%,,,51.1,False,2026-10-05,-75.39583,52.5875
CDC-2796233,QC,9414-5448 Québec inc 100%,,,51.1,False,2026-10-05,-75.3875,52.54583
CDC-2796234,QC,9414-5448 Québec inc 100%,,,51.1,False,2026-10-05,-75.37917,52.54583
CDC-2796235,QC,9414-5448 Québec inc 100%,,,51.1,False,2026-10-05,-75.37083,52.54583
CDC-2796273,QC,9414-5448 Québec inc 100%,,,51.1,False,2026-10-05,-75.40417,52.5625
CDC-2796274,QC,9414-5448 Québec inc 100%,,,51.1,False,2026-10-05,-75.39583,52.5625
CDC-2796275,QC,9414-5448 Québec inc 100%,,,51.1,False,2026-10-05,-75.3875,52.5625
CDC-2796255,QC,9414-5448 Québec inc 100%,,,51.1,False,2026-10-05,-75.40417,52.55417
CDC-2796256,QC,9414-5448 Québec inc 100%,,,51.1,False,2026-10-05,-75.39583,52.55417
CDC-2796257,QC,9414-5448 Québec inc 100%,,,51.1,False,2026-10-05,-75.3875,52.55417
CDC-2796258,QC,9414-5448 Québec inc 100%,,,51.1,False,2026-10-05,-75.37917,52.55417
CDC-2796259,QC,9414-5448 Québec inc 100%,,,51.1,False,2026-10-05,-75.37083,52.55417
CDC-2796229,QC,9414-5448 Québec inc 100%,,,51.1,False,2026-10-05,-75.42083,52.54583
CDC-2796230,QC,9414-5448 Québec inc 100%,,,51.1,False,2026-10-05,-75.4125,52.54583
CDC-2796231,QC,9414-5448 Québec inc 100%,,,51.1,False,2026-10-05,-75.40417,52.54583
CDC-2796263,QC,9414-5448 Québec inc 100%,,,51.1,False,2026-10-05,-75.3375,52.55417
CDC-2796264,QC,9414-5448 Québec inc 100%,,,51.1,False,2026-10-05,-75.32917,52.55417
CDC-2796265,QC,9414-5448 Québec inc 100%,,,51.1,False,2026-10-05,-75.32083,52.55417
CDC-2795974,QC,9414-5448 Québec inc 100%,,,51.1,False,2026-10-05,-75.5125,52.54583
CDC-2796276,QC,9414-5448 Québec inc 100%,,,51.1,False,2026-10-05,-75.37917,52.5625
CDC-2796277,QC,9414-5448 Québec inc 100%,,,51.1,False,2026-10-05,-75.37083,52.5625
CDC-2796253,QC,9414-5448 Québec inc 100%,,,51.1,False,2026-10-05,-75.42083,52.55417
CDC-2796254,QC,9414-5448 Québec inc 100%,,,51.1,False,2026-10-05,-75.4125,52.55417
CDC-2796232,QC,9414-5448 Québec inc 100%,,,51.1,False,2026-10-05,-75.39583,52.54583
CDC-2796246,QC,9414-5448 Québec inc 100%,,,51.1,False,2026-10-05,-75.47917,52.55417
CDC-2796222,QC,9414-5448 Québec inc 100%,,,51.1,False,2026-10-05,-75.47917,52.54583
CDC-2795990,QC,9414-5448 Québec inc 100%,,,51.1,False,2026-10-05,-75.4875,52.57083
CDC-2796266,QC,9414-5448 Québec inc 100%,,,51.1,False,2026-10-05,-75.3125,52.55417
CDC-2796236,QC,9414-5448 Québec inc 100%,,,51.1,False,2026-10-05,-75.3625,52.54583
CDC-2796237,QC,9414-5448 Québec inc 100%,,,51.1,False,2026-10-05,-75.35417,52.54583
CDC-2796238,QC,9414-5448 Québec inc 100%,,,51.1,False,2026-10-05,-75.34583,52.54583
CDC-2796239,QC,9414-5448 Québec inc 100%,,,51.1,False,2026-10-05,-75.3375,52.54583
CDC-2796240,QC,9414-5448 Québec inc 100%,,,51.1,False,2026-10-05,-75.32917,52.54583
CDC-2796241,QC,9414-5448 Québec inc 100%,,,51.1,False,2026-10-05,-75.32083,52.54583
CDC-2796242,QC,9414-5448 Québec inc 100%,,,51.1,False,2026-10-05,-75.3125,52.54583
CDC-2796243,QC,9414-5448 Québec inc 100%,,,51.1,False,2026-10-05,-75.30417,52.54583
CDC-2795978,QC,9414-5448 Québec inc 100%,,,51.1,False,2026-10-05,-75.5125,52.5625
CDC-2795976,QC,9414-5448 Québec inc 100%,,,51.1,False,2026-10-05,-75.5125,52.55417
CDC-2795977,QC,9414-5448 Québec inc 100%,,,51.1,False,2026-10-05,-75.50417,52.55417
CDC-2795975,QC,9414-5448 Québec inc 100%,,,51.1,False,2026-10-05,-75.50417,52.54583
CDC-2796272,QC,9414-5448 Québec inc 100%,,,51.1,False,2026-10-05,-75.4125,52.5625
CDC-2796225,QC,9414-5448 Québec inc 100%,,,51.1,False,2026-10-05,-75.45417,52.54583
CDC-2795993,QC,9414-5448 Québec inc 100%,,,51.1,False,2026-10-05,-75.4625,52.57083
CDC-2796007,QC,9414-5448 Québec inc 100%,,,51.1,False,2026-10-05,-75.34583,52.57083
CDC-2796008,QC,9414-5448 Québec inc 100%,,,51.1,False,2026-10-05,-75.3375,52.57083
CDC-2796009,QC,9414-5448 Québec inc 100%,,,51.1,False,2026-10-05,-75.32917,52.57083
CDC-2796278,QC,9414-5448 Québec inc 100%,,,51.1,False,2026-10-05,-75.3625,52.5625
CDC-2796279,QC,9414-5448 Québec inc 100%,,,51.1,False,2026-10-05,-75.35417,52.5625
CDC-2796280,QC,9414-5448 Québec inc 100%,,,51.1,False,2026-10-05,-75.34583,52.5625
CDC-2796281,QC,9414-5448 Québec inc 100%,,,51.1,False,2026-10-05,-75.3375,52.5625
CDC-2796282,QC,9414-5448 Québec inc 100%,,,51.1,False,2026-10-05,-75.32917,52.5625
CDC-2796283,QC,9414-5448 Québec inc 100%,,,51.1,False,2026-10-05,-75.32083,52.5625
CDC-2796260,QC,9414-5448 Québec inc 100%,,,51.1,False,2026-10-05,-75.3625,52.55417
CDC-2796261,QC,9414-5448 Québec inc 100%,,,51.1,False,2026-10-05,-75.35417,52.55417
CDC-2796245,QC,9414-5448 Québec inc 100%,,,51.1,False,2026-10-05,-75.4875,52.55417
CDC-2796221,QC,9414-5448 Québec inc 100%,,,51.1,False,2026-10-05,-75.4875,52.54583
CDC-2795989,QC,9414-5448 Québec inc 100%,,,51.1,False,2026-10-05,-75.49583,52.57083
CDC-2795984,QC,9414-5448 Québec inc 100%,,,51.1,False,2026-10-05,-75.49583,52.5625
CDC-2796244,QC,9414-5448 Québec inc 100%,,,51.1,False,2026-10-05,-75.49583,52.55417
CDC-2796220,QC,9414-5448 Québec inc 100%,,,51.1,False,2026-10-05,-75.49583,52.54583
CDC-2795981,QC,9414-5448 Québec inc 100%,,,51.1,False,2026-10-05,-75.50417,52.57083
CDC-2795979,QC,9414-5448 Québec inc 100%,,,51.1,False,2026-10-05,-75.50417,52.5625
CDC-2795988,QC,9414-5448 Québec inc 100%,,,51.1,False,2026-10-05,-75.4625,52.5625
CDC-2796248,QC,9414-5448 Québec inc 100%,,,51.1,False,2026-10-05,-75.4625,52.55417
CDC-2796224,QC,9414-5448 Québec inc 100%,,,51.1,False,2026-10-05,-75.4625,52.54583
CDC-2795992,QC,9414-5448 Québec inc 100%,,,51.1,False,2026-10-05,-75.47083,52.57083
CDC-2795987,QC,9414-5448 Québec inc 100%,,,51.1,False,2026-10-05,-75.47083,52.5625
CDC-2796247,QC,9414-5448 Québec inc 100%,,,51.1,False,2026-10-05,-75.47083,52.55417
CDC-2796223,QC,9414-5448 Québec inc 100%,,,51.1,False,2026-10-05,-75.47083,52.54583
CDC-2795991,QC,9414-5448 Québec inc 100%,,,51.1,False,2026-10-05,-75.47917,52.57083
CDC-2796262,QC,9414-5448 Québec inc 100%,,,51.1,False,2026-10-05,-75.34583,52.55417
CDC-2796252,QC,9414-5448 Québec inc 100%,,,51.1,False,2026-10-05,-75.42917,52.55417
CDC-2796228,QC,9414-5448 Québec inc 100%,,,51.1,False,2026-10-05,-75.42917,52.54583
CDC-2795985,QC,9414-5448 Québec inc 100%,,,51.1,False,2026-10-05,-75.4875,52.5625
CDC-2796227,QC,9414-5448 Québec inc 100%,,,51.1,False,2026-10-05,-75.4375,52.54583
CDC-2795995,QC,9414-5448 Québec inc 100%,,,51.1,False,2026-10-05,-75.44583,52.57083
CDC-2796268,QC,9414-5448 Québec inc 100%,,,51.1,False,2026-10-05,-75.44583,52.5625
CDC-2796250,QC,9414-5448 Québec inc 100%,,,51.1,False,2026-10-05,-75.44583,52.55417
CDC-2796226,QC,9414-5448 Québec inc 100%,,,51.1,False,2026-10-05,-75.44583,52.54583
CDC-2795994,QC,9414-5448 Québec inc 100%,,,51.1,False,2026-10-05,-75.45417,52.57083
CDC-2796267,QC,9414-5448 Québec inc 100%,,,51.1,False,2026-10-05,-75.45417,52.5625
CDC-2795980,QC,9414-5448 Québec inc 100%,,,51.1,False,2026-10-05,-75.5125,52.57083
CDC-2795997,QC,9414-5448 Québec inc 100%,,,51.1,False,2026-10-05,-75.42917,52.57083
CDC-2795986,QC,9414-5448 Québec inc 100%,,,51.1,False,2026-10-05,-75.47917,52.5625
CDC-2795996,QC,9414-5448 Québec inc 100%,,,51.1,False,2026-10-05,-75.4375,52.57083
CDC-2796269,QC,9414-5448 Québec inc 100%,,,51.1,False,2026-10-05,-75.4375,52.5625
CDC-2796251,QC,9414-5448 Québec inc 100%,,,51.1,False,2026-10-05,-75.4375,52.55417
CDC-2796270,QC,9414-5448 Québec inc 100%,,,51.1,False,2026-10-05,-75.42917,52.5625
CDC-2796249,QC,9414-5448 Québec inc 100%,,,51.1,False,2026-10-05,-75.45417,52.55417
CDC-2796079,QC,9414-5448 Québec inc 100%,,,51.1,False,2026-10-05,-75.30417,52.6125
CDC-2796077,QC,9414-5448 Québec inc 100%,,,51.1,False,2026-10-05,-75.32083,52.6125
CDC-2796078,QC,9414-5448 Québec inc 100%,,,51.1,False,2026-10-05,-75.3125,52.6125
CDC-2796133,QC,9414-5448 Québec inc 100%,,,51.0,False,2026-10-05,-75.30417,52.6375
CDC-2796116,QC,9414-5448 Québec inc 100%,,,51.0,False,2026-10-05,-75.30417,52.62917
CDC-2796099,QC,9414-5448 Québec inc 100%,,,51.0,False,2026-10-05,-75.30417,52.62083
CDC-2795942,QC,9414-5448 Québec inc 100%,,,51.0,False,2026-10-05,-75.3125,52.67083
CDC-2795914,QC,9414-5448 Québec inc 100%,,,51.0,False,2026-10-05,-75.3125,52.6625
CDC-2795875,QC,9414-5448 Québec inc 100%,,,51.0,False,2026-10-05,-75.3125,52.65417
CDC-2795843,QC,9414-5448 Québec inc 100%,,,51.0,False,2026-10-05,-75.3125,52.64583
CDC-2796132,QC,9414-5448 Québec inc 100%,,,51.0,False,2026-10-05,-75.3125,52.6375
CDC-2796115,QC,9414-5448 Québec inc 100%,,,51.0,False,2026-10-05,-75.3125,52.62917
CDC-2796098,QC,9414-5448 Québec inc 100%,,,51.0,False,2026-10-05,-75.3125,52.62083
CDC-2796131,QC,9414-5448 Québec inc 100%,,,51.0,False,2026-10-05,-75.32083,52.6375
CDC-2796114,QC,9414-5448 Québec inc 100%,,,51.0,False,2026-10-05,-75.32083,52.62917
CDC-2796097,QC,9414-5448 Québec inc 100%,,,51.0,False,2026-10-05,-75.32083,52.62083
CDC-2795912,QC,9414-5448 Québec inc 100%,,,51.0,False,2026-10-05,-75.32917,52.6625
CDC-2795873,QC,9414-5448 Québec inc 100%,,,51.0,False,2026-10-05,-75.32917,52.65417
CDC-2795841,QC,9414-5448 Québec inc 100%,,,51.0,False,2026-10-05,-75.32917,52.64583
CDC-2796130,QC,9414-5448 Québec inc 100%,,,51.0,False,2026-10-05,-75.32917,52.6375
CDC-2796113,QC,9414-5448 Québec inc 100%,,,51.0,False,2026-10-05,-75.32917,52.62917
CDC-2795876,QC,9414-5448 Québec inc 100%,,,51.0,False,2026-10-05,-75.30417,52.65417
CDC-2795844,QC,9414-5448 Québec inc 100%,,,51.0,False,2026-10-05,-75.30417,52.64583
CDC-2795941,QC,9414-5448 Québec inc 100%,,,51.0,False,2026-10-05,-75.32083,52.67083
CDC-2795913,QC,9414-5448 Québec inc 100%,,,51.0,False,2026-10-05,-75.32083,52.6625
CDC-2795874,QC,9414-5448 Québec inc 100%,,,51.0,False,2026-10-05,-75.32083,52.65417
CDC-2795842,QC,9414-5448 Québec inc 100%,,,51.0,False,2026-10-05,-75.32083,52.64583
CDC-2795872,QC,9414-5448 Québec inc 100%,,,51.0,False,2026-10-05,-75.3375,52.65417
CDC-2795840,QC,9414-5448 Québec inc 100%,,,51.0,False,2026-10-05,-75.3375,52.64583
CDC-2796129,QC,9414-5448 Québec inc 100%,,,51.0,False,2026-10-05,-75.3375,52.6375
CDC-2796112,QC,9414-5448 Québec inc 100%,,,51.0,False,2026-10-05,-75.3375,52.62917
CDC-2795910,QC,9414-5448 Québec inc 100%,,,51.0,False,2026-10-05,-75.34583,52.6625
CDC-2795871,QC,9414-5448 Québec inc 100%,,,51.0,False,2026-10-05,-75.34583,52.65417
CDC-2795839,QC,9414-5448 Québec inc 100%,,,51.0,False,2026-10-05,-75.34583,52.64583
CDC-2796128,QC,9414-5448 Québec inc 100%,,,51.0,False,2026-10-05,-75.34583,52.6375
CDC-2796111,QC,9414-5448 Québec inc 100%,,,51.0,False,2026-10-05,-75.34583,52.62917
CDC-2795909,QC,9414-5448 Québec inc 100%,,,51.0,False,2026-10-05,-75.35417,52.6625
CDC-2795870,QC,9414-5448 Québec inc 100%,,,51.0,False,2026-10-05,-75.35417,52.65417
CDC-2795837,QC,9414-5448 Québec inc 100%,,,51.0,False,2026-10-05,-75.3625,52.64583
CDC-2796126,QC,9414-5448 Québec inc 100%,,,51.0,False,2026-10-05,-75.3625,52.6375
CDC-2796109,QC,9414-5448 Québec inc 100%,,,51.0,False,2026-10-05,-75.3625,52.62917
CDC-2795907,QC,9414-5448 Québec inc 100%,,,51.0,False,2026-10-05,-75.37083,52.6625
CDC-2795868,QC,9414-5448 Québec inc 100%,,,51.0,False,2026-10-05,-75.37083,52.65417
CDC-2795836,QC,9414-5448 Québec inc 100%,,,51.0,False,2026-10-05,-75.37083,52.64583
CDC-2796125,QC,9414-5448 Québec inc 100%,,,51.0,False,2026-10-05,-75.37083,52.6375
CDC-2796108,QC,9414-5448 Québec inc 100%,,,51.0,False,2026-10-05,-75.37083,52.62917
CDC-2795906,QC,9414-5448 Québec inc 100%,,,51.0,False,2026-10-05,-75.37917,52.6625
CDC-2795867,QC,9414-5448 Québec inc 100%,,,51.0,False,2026-10-05,-75.37917,52.65417
CDC-2795835,QC,9414-5448 Québec inc 100%,,,51.0,False,2026-10-05,-75.37917,52.64583
CDC-2795911,QC,9414-5448 Québec inc 100%,,,51.0,False,2026-10-05,-75.3375,52.6625
CDC-2796123,QC,9414-5448 Québec inc 100%,,,51.0,False,2026-10-05,-75.3875,52.6375
CDC-2796106,QC,9414-5448 Québec inc 100%,,,51.0,False,2026-10-05,-75.3875,52.62917
CDC-2795904,QC,9414-5448 Québec inc 100%,,,51.0,False,2026-10-05,-75.39583,52.6625
CDC-2795865,QC,9414-5448 Québec inc 100%,,,51.0,False,2026-10-05,-75.39583,52.65417
CDC-2795833,QC,9414-5448 Québec inc 100%,,,51.0,False,2026-10-05,-75.39583,52.64583
CDC-2796122,QC,9414-5448 Québec inc 100%,,,51.0,False,2026-10-05,-75.39583,52.6375
CDC-2796105,QC,9414-5448 Québec inc 100%,,,51.0,False,2026-10-05,-75.39583,52.62917
CDC-2795903,QC,9414-5448 Québec inc 100%,,,51.0,False,2026-10-05,-75.40417,52.6625
CDC-2795864,QC,9414-5448 Québec inc 100%,,,51.0,False,2026-10-05,-75.40417,52.65417
CDC-2795832,QC,9414-5448 Québec inc 100%,,,51.0,False,2026-10-05,-75.40417,52.64583
CDC-2796121,QC,9414-5448 Québec inc 100%,,,51.0,False,2026-10-05,-75.40417,52.6375
CDC-2795838,QC,9414-5448 Québec inc 100%,,,51.0,False,2026-10-05,-75.35417,52.64583
CDC-2796127,QC,9414-5448 Québec inc 100%,,,51.0,False,2026-10-05,-75.35417,52.6375
CDC-2796110,QC,9414-5448 Québec inc 100%,,,51.0,False,2026-10-05,-75.35417,52.62917
CDC-2795908,QC,9414-5448 Québec inc 100%,,,51.0,False,2026-10-05,-75.3625,52.6625
CDC-2795869,QC,9414-5448 Québec inc 100%,,,51.0,False,2026-10-05,-75.3625,52.65417
CDC-2796103,QC,9414-5448 Québec inc 100%,,,51.0,False,2026-10-05,-75.4125,52.62917
CDC-2795901,QC,9414-5448 Québec inc 100%,,,51.0,False,2026-10-05,-75.42083,52.6625
CDC-2795862,QC,9414-5448 Québec inc 100%,,,51.0,False,2026-10-05,-75.42083,52.65417
CDC-2795830,QC,9414-5448 Québec inc 100%,,,51.0,False,2026-10-05,-75.42083,52.64583
CDC-2796119,QC,9414-5448 Québec inc 100%,,,51.0,False,2026-10-05,-75.42083,52.6375
CDC-2796124,QC,9414-5448 Québec inc 100%,,,51.0,False,2026-10-05,-75.37917,52.6375
CDC-2796107,QC,9414-5448 Québec inc 100%,,,51.0,False,2026-10-05,-75.37917,52.62917
CDC-2795905,QC,9414-5448 Québec inc 100%,,,51.0,False,2026-10-05,-75.3875,52.6625
CDC-2795866,QC,9414-5448 Québec inc 100%,,,51.0,False,2026-10-05,-75.3875,52.65417
CDC-2795834,QC,9414-5448 Québec inc 100%,,,51.0,False,2026-10-05,-75.3875,52.64583
CDC-2796104,QC,9414-5448 Québec inc 100%,,,51.0,False,2026-10-05,-75.40417,52.62917
CDC-2795902,QC,9414-5448 Québec inc 100%,,,51.0,False,2026-10-05,-75.4125,52.6625
CDC-2795863,QC,9414-5448 Québec inc 100%,,,51.0,False,2026-10-05,-75.4125,52.65417
CDC-2795831,QC,9414-5448 Québec inc 100%,,,51.0,False,2026-10-05,-75.4125,52.64583
CDC-2796120,QC,9414-5448 Québec inc 100%,,,51.0,False,2026-10-05,-75.4125,52.6375
CDC-2795890,QC,9414-5448 Québec inc 100%,,,51.0,False,2026-10-05,-75.1875,52.65417
CDC-2795858,QC,9414-5448 Québec inc 100%,,,51.0,False,2026-10-05,-75.1875,52.64583
CDC-2795889,QC,9414-5448 Québec inc 100%,,,51.0,False,2026-10-05,-75.19583,52.65417
CDC-2795857,QC,9414-5448 Québec inc 100%,,,51.0,False,2026-10-05,-75.19583,52.64583
CDC-2795927,QC,9414-5448 Québec inc 100%,,,51.0,False,2026-10-05,-75.20417,52.6625
CDC-2795888,QC,9414-5448 Québec inc 100%,,,51.0,False,2026-10-05,-75.20417,52.65417
CDC-2795856,QC,9414-5448 Québec inc 100%,,,51.0,False,2026-10-05,-75.20417,52.64583
CDC-2795926,QC,9414-5448 Québec inc 100%,,,51.0,False,2026-10-05,-75.2125,52.6625
CDC-2795887,QC,9414-5448 Québec inc 100%,,,51.0,False,2026-10-05,-75.2125,52.65417
CDC-2795854,QC,9414-5448 Québec inc 100%,,,51.0,False,2026-10-05,-75.22083,52.64583
CDC-2795924,QC,9414-5448 Québec inc 100%,,,51.0,False,2026-10-05,-75.22917,52.6625
CDC-2795885,QC,9414-5448 Québec inc 100%,,,51.0,False,2026-10-05,-75.22917,52.65417
CDC-2795853,QC,9414-5448 Québec inc 100%,,,51.0,False,2026-10-05,-75.22917,52.64583
CDC-2795951,QC,9414-5448 Québec inc 100%,,,51.0,False,2026-10-05,-75.2375,52.67083
CDC-2795923,QC,9414-5448 Québec inc 100%,,,51.0,False,2026-10-05,-75.2375,52.6625
CDC-2795884,QC,9414-5448 Québec inc 100%,,,51.0,False,2026-10-05,-75.2375,52.65417
CDC-2795852,QC,9414-5448 Québec inc 100%,,,51.0,False,2026-10-05,-75.2375,52.64583
CDC-2795950,QC,9414-5448 Québec inc 100%,,,51.0,False,2026-10-05,-75.24583,52.67083
CDC-2795922,QC,9414-5448 Québec inc 100%,,,51.0,False,2026-10-05,-75.24583,52.6625
CDC-2795883,QC,9414-5448 Québec inc 100%,,,51.0,False,2026-10-05,-75.24583,52.65417
CDC-2795855,QC,9414-5448 Québec inc 100%,,,51.0,False,2026-10-05,-75.2125,52.64583
CDC-2795925,QC,9414-5448 Québec inc 100%,,,51.0,False,2026-10-05,-75.22083,52.6625
CDC-2795886,QC,9414-5448 Québec inc 100%,,,51.0,False,2026-10-05,-75.22083,52.65417
CDC-2795851,QC,9414-5448 Québec inc 100%,,,51.0,False,2026-10-05,-75.24583,52.64583
CDC-2795949,QC,9414-5448 Québec inc 100%,,,51.0,False,2026-10-05,-75.25417,52.67083
CDC-2795921,QC,9414-5448 Québec inc 100%,,,51.0,False,2026-10-05,-75.25417,52.6625
CDC-2795882,QC,9414-5448 Québec inc 100%,,,51.0,False,2026-10-05,-75.25417,52.65417
CDC-2795850,QC,9414-5448 Québec inc 100%,,,51.0,False,2026-10-05,-75.25417,52.64583
CDC-2795849,QC,9414-5448 Québec inc 100%,,,51.0,False,2026-10-05,-75.2625,52.64583
CDC-2795947,QC,9414-5448 Québec inc 100%,,,51.0,False,2026-10-05,-75.27083,52.67083
CDC-2795919,QC,9414-5448 Québec inc 100%,,,51.0,False,2026-10-05,-75.27083,52.6625
CDC-2795880,QC,9414-5448 Québec inc 100%,,,51.0,False,2026-10-05,-75.27083,52.65417
CDC-2795848,QC,9414-5448 Québec inc 100%,,,51.0,False,2026-10-05,-75.27083,52.64583
CDC-2795946,QC,9414-5448 Québec inc 100%,,,51.0,False,2026-10-05,-75.27917,52.67083
CDC-2795918,QC,9414-5448 Québec inc 100%,,,51.0,False,2026-10-05,-75.27917,52.6625
CDC-2795879,QC,9414-5448 Québec inc 100%,,,51.0,False,2026-10-05,-75.27917,52.65417
CDC-2795847,QC,9414-5448 Québec inc 100%,,,51.0,False,2026-10-05,-75.27917,52.64583
CDC-2795945,QC,9414-5448 Québec inc 100%,,,51.0,False,2026-10-05,-75.2875,52.67083
CDC-2795917,QC,9414-5448 Québec inc 100%,,,51.0,False,2026-10-05,-75.2875,52.6625
CDC-2795878,QC,9414-5448 Québec inc 100%,,,51.0,False,2026-10-05,-75.2875,52.65417
CDC-2795846,QC,9414-5448 Québec inc 100%,,,51.0,False,2026-10-05,-75.2875,52.64583
CDC-2795845,QC,9414-5448 Québec inc 100%,,,51.0,False,2026-10-05,-75.29583,52.64583
CDC-2795943,QC,9414-5448 Québec inc 100%,,,51.0,False,2026-10-05,-75.30417,52.67083
CDC-2795915,QC,9414-5448 Québec inc 100%,,,51.0,False,2026-10-05,-75.30417,52.6625
CDC-2795895,QC,9414-5448 Québec inc 100%,,,51.0,False,2026-10-05,-75.47083,52.6625
CDC-2795896,QC,9414-5448 Québec inc 100%,,,51.0,False,2026-10-05,-75.4625,52.6625
CDC-2795897,QC,9414-5448 Québec inc 100%,,,51.0,False,2026-10-05,-75.45417,52.6625
CDC-2795898,QC,9414-5448 Québec inc 100%,,,51.0,False,2026-10-05,-75.44583,52.6625
CDC-2795899,QC,9414-5448 Québec inc 100%,,,51.0,False,2026-10-05,-75.4375,52.6625
CDC-2795900,QC,9414-5448 Québec inc 100%,,,51.0,False,2026-10-05,-75.42917,52.6625
CDC-2795948,QC,9414-5448 Québec inc 100%,,,51.0,False,2026-10-05,-75.2625,52.67083
CDC-2795920,QC,9414-5448 Québec inc 100%,,,51.0,False,2026-10-05,-75.2625,52.6625
CDC-2795881,QC,9414-5448 Québec inc 100%,,,51.0,False,2026-10-05,-75.2625,52.65417
CDC-2795861,QC,9414-5448 Québec inc 100%,,,51.0,False,2026-10-05,-75.42917,52.65417
CDC-2795828,QC,9414-5448 Québec inc 100%,,,51.0,False,2026-10-05,-75.4375,52.64583
CDC-2795829,QC,9414-5448 Québec inc 100%,,,51.0,False,2026-10-05,-75.42917,52.64583
CDC-2795944,QC,9414-5448 Québec inc 100%,,,51.0,False,2026-10-05,-75.29583,52.67083
CDC-2795916,QC,9414-5448 Québec inc 100%,,,51.0,False,2026-10-05,-75.29583,52.6625
CDC-2795877,QC,9414-5448 Québec inc 100%,,,51.0,False,2026-10-05,-75.29583,52.65417
CDC-2795860,QC,9414-5448 Québec inc 100%,,,51.0,False,2026-10-05,-75.4375,52.65417
CDC-2795966,QC,9414-5448 Québec inc 100%,,,51.0,False,2026-10-05,-75.24583,52.67917
CDC-2795965,QC,9414-5448 Québec inc 100%,,,51.0,False,2026-10-05,-75.25417,52.67917
CDC-2795964,QC,9414-5448 Québec inc 100%,,,51.0,False,2026-10-05,-75.2625,52.67917
CDC-2795963,QC,9414-5448 Québec inc 100%,,,51.0,False,2026-10-05,-75.27083,52.67917
CDC-2795962,QC,9414-5448 Québec inc 100%,,,51.0,False,2026-10-05,-75.27917,52.67917
CDC-2795961,QC,9414-5448 Québec inc 100%,,,51.0,False,2026-10-05,-75.2875,52.67917
CDC-2795960,QC,9414-5448 Québec inc 100%,,,51.0,False,2026-10-05,-75.29583,52.67917
CDC-2795958,QC,9414-5448 Québec inc 100%,,,51.0,False,2026-10-05,-75.3125,52.67917
CDC-2795957,QC,9414-5448 Québec inc 100%,,,51.0,False,2026-10-05,-75.32083,52.67917
CDC-2795940,QC,9414-5448 Québec inc 100%,,,51.0,False,2026-10-05,-75.32917,52.67083
CDC-2795939,QC,9414-5448 Québec inc 100%,,,51.0,False,2026-10-05,-75.3375,52.67083
CDC-2795932,QC,9414-5448 Québec inc 100%,,,51.0,False,2026-10-05,-75.4625,52.67083
CDC-2795953,QC,9414-5448 Québec inc 100%,,,51.0,False,2026-10-05,-75.47083,52.67917
CDC-2795931,QC,9414-5448 Québec inc 100%,,,51.0,False,2026-10-05,-75.47083,52.67083
CDC-2795952,QC,9414-5448 Québec inc 100%,,,51.0,False,2026-10-05,-75.47917,52.67917
CDC-2795930,QC,9414-5448 Québec inc 100%,,,51.0,False,2026-10-05,-75.47917,52.67083
CDC-2795894,QC,9414-5448 Québec inc 100%,,,51.0,False,2026-10-05,-75.47917,52.6625
CDC-2795929,QC,9414-5448 Québec inc 100%,,,51.0,False,2026-10-05,-75.4875,52.67083
CDC-2795893,QC,9414-5448 Québec inc 100%,,,51.0,False,2026-10-05,-75.4875,52.6625
CDC-2795959,QC,9414-5448 Québec inc 100%,,,51.0,False,2026-10-05,-75.30417,52.67917
CDC-2795928,QC,9414-5448 Québec inc 100%,,,51.0,False,2026-10-05,-75.49583,52.67083
CDC-2795892,QC,9414-5448 Québec inc 100%,,,51.0,False,2026-10-05,-75.49583,52.6625
CDC-2795983,QC,9414-5448 Québec inc 100%,,,51.0,False,2026-10-05,-75.50417,52.67083
CDC-2795982,QC,9414-5448 Québec inc 100%,,,51.0,False,2026-10-05,-75.50417,52.6625
CDC-2795938,QC,9414-5448 Québec inc 100%,,,51.0,False,2026-10-05,-75.34583,52.67083
CDC-2795937,QC,9414-5448 Québec inc 100%,,,51.0,False,2026-10-05,-75.35417,52.67083
CDC-2795936,QC,9414-5448 Québec inc 100%,,,51.0,False,2026-10-05,-75.3625,52.67083
CDC-2795935,QC,9414-5448 Québec inc 100%,,,51.0,False,2026-10-05,-75.37083,52.67083
CDC-2795956,QC,9414-5448 Québec inc 100%,,,51.0,False,2026-10-05,-75.44583,52.67917
CDC-2795934,QC,9414-5448 Québec inc 100%,,,51.0,False,2026-10-05,-75.44583,52.67083
CDC-2795955,QC,9414-5448 Québec inc 100%,,,51.0,False,2026-10-05,-75.45417,52.67917
CDC-2795933,QC,9414-5448 Québec inc 100%,,,51.0,False,2026-10-05,-75.45417,52.67083
CDC-2795954,QC,9414-5448 Québec inc 100%,,,51.0,False,2026-10-05,-75.4625,52.67917
CDC-2796092,QC,9414-5448 Québec inc 100%,,,51.0,False,2026-10-05,-75.3625,52.62083
CDC-2796093,QC,9414-5448 Québec inc 100%,,,51.0,False,2026-10-05,-75.35417,52.62083
CDC-2796089,QC,9414-5448 Québec inc 100%,,,51.0,False,2026-10-05,-75.3875,52.62083
CDC-2796090,QC,9414-5448 Québec inc 100%,,,51.0,False,2026-10-05,-75.37917,52.62083
CDC-2796091,QC,9414-5448 Québec inc 100%,,,51.0,False,2026-10-05,-75.37083,52.62083
CDC-2796094,QC,9414-5448 Québec inc 100%,,,51.0,False,2026-10-05,-75.34583,52.62083
CDC-2796086,QC,9414-5448 Québec inc 100%,,,51.0,False,2026-10-05,-75.4125,52.62083
CDC-2796087,QC,9414-5448 Québec inc 100%,,,51.0,False,2026-10-05,-75.40417,52.62083
CDC-2796088,QC,9414-5448 Québec inc 100%,,,51.0,False,2026-10-05,-75.39583,52.62083
CDC-2796095,QC,9414-5448 Québec inc 100%,,,51.0,False,2026-10-05,-75.3375,52.62083
CDC-2796096,QC,9414-5448 Québec inc 100%,,,51.0,False,2026-10-05,-75.32917,52.62083
CDC-2796117,QC,9414-5448 Québec inc 100%,,,51.0,False,2026-10-05,-75.4375,52.6375
CDC-2796118,QC,9414-5448 Québec inc 100%,,,51.0,False,2026-10-05,-75.42917,52.6375
CDC-2796100,QC,9414-5448 Québec inc 100%,,,51.0,False,2026-10-05,-75.4375,52.62917
CDC-2796080,QC,9414-5448 Québec inc 100%,,,51.0,False,2026-10-05,-75.4625,52.62083
CDC-2796081,QC,9414-5448 Québec inc 100%,,,51.0,False,2026-10-05,-75.45417,52.62083
CDC-2796082,QC,9414-5448 Québec inc 100%,,,51.0,False,2026-10-05,-75.44583,52.62083
CDC-2796083,QC,9414-5448 Québec inc 100%,,,51.0,False,2026-10-05,-75.4375,52.62083
CDC-2796084,QC,9414-5448 Québec inc 100%,,,51.0,False,2026-10-05,-75.42917,52.62083
CDC-2796085,QC,9414-5448 Québec inc 100%,,,51.0,False,2026-10-05,-75.42083,52.62083
CDC-2796101,QC,9414-5448 Québec inc 100%,,,51.0,False,2026-10-05,-75.42917,52.62917
CDC-2796102,QC,9414-5448 Québec inc 100%,,,51.0,False,2026-10-05,-75.42083,52.62917
CDC-2795891,QC,9414-5448 Québec inc 100%,,,51.0,False,2026-10-05,-75.17917,52.65417
CDC-2795859,QC,9414-5448 Québec inc 100%,,,51.0,False,2026-10-05,-75.17917,52.64583
CDC-2795972,QC,9414-5448 Québec inc 100%,,,50.9,False,2026-10-05,-75.3125,52.6875
CDC-2795970,QC,9414-5448 Québec inc 100%,,,50.9,False,2026-10-05,-75.44583,52.6875
CDC-2795973,QC,9414-5448 Québec inc 100%,,,50.9,False,2026-10-05,-75.30417,52.6875
CDC-2795971,QC,9414-5448 Québec inc 100%,,,50.9,False,2026-10-05,-75.32083,52.6875
CDC-2795967,QC,9414-5448 Québec inc 100%,,,50.9,False,2026-10-05,-75.47083,52.6875
CDC-2795969,QC,9414-5448 Québec inc 100%,,,50.9,False,2026-10-05,-75.45417,52.6875
CDC-2795968,QC,9414-5448 Québec inc 100%,,,50.9,False,2026-10-05,-75.4625,52.6875
CDC-2795774,QC,Perry Grunenberg 100%,,,50.5,False,2026-10-05,-68.8875,53.02083
CDC-2795775,QC,Perry Grunenberg 100%,,,50.5,False,2026-10-05,-68.87917,53.02083
CDC-2795788,QC,Perry Grunenberg 100%,,,50.4,False,2026-10-05,-68.84583,53.05417
CDC-2795783,QC,Perry Grunenberg 100%,,,50.4,False,2026-10-05,-68.84583,53.04583
CDC-2795787,QC,Perry Grunenberg 100%,,,50.4,False,2026-10-05,-68.85417,53.05417
CDC-2795782,QC,Perry Grunenberg 100%,,,50.4,False,2026-10-05,-68.85417,53.04583
CDC-2795786,QC,Perry Grunenberg 100%,,,50.4,False,2026-10-05,-68.8625,53.05417
CDC-2795790,QC,Perry Grunenberg 100%,,,50.4,False,2026-10-05,-68.82917,53.05417
CDC-2795785,QC,Perry Grunenberg 100%,,,50.4,False,2026-10-05,-68.82917,53.04583
CDC-2795789,QC,Perry Grunenberg 100%,,,50.4,False,2026-10-05,-68.8375,53.05417
CDC-2795784,QC,Perry Grunenberg 100%,,,50.4,False,2026-10-05,-68.8375,53.04583
CDC-2795779,QC,Perry Grunenberg 100%,,,50.4,False,2026-10-05,-68.8875,53.0375
CDC-2795780,QC,Perry Grunenberg 100%,,,50.4,False,2026-10-05,-68.87917,53.0375
CDC-2795781,QC,Perry Grunenberg 100%,,,50.4,False,2026-10-05,-68.87083,53.0375
CDC-2795776,QC,Perry Grunenberg 100%,,,50.4,False,2026-10-05,-68.8875,53.02917
CDC-2795777,QC,Perry Grunenberg 100%,,,50.4,False,2026-10-05,-68.87917,53.02917
CDC-2795778,QC,Perry Grunenberg 100%,,,50.4,False,2026-10-05,-68.87083,53.02917
CDC-2795737,QC,Jason LeBlanc 100%,,,50.1,False,2026-10-05,-75.77083,53.27083
CDC-2795736,QC,Jason LeBlanc 100%,,,50.1,False,2026-10-05,-75.77917,53.27083
CDC-2795735,QC,Jason LeBlanc 100%,,,50.1,False,2026-10-05,-75.7875,53.27083
CDC-2795734,QC,Jason LeBlanc 100%,,,50.1,False,2026-10-05,-75.79583,53.27083
CDC-2795757,QC,Jason LeBlanc 100%,,,50.1,False,2026-10-05,-75.80417,53.27083
CDC-2795756,QC,Jason LeBlanc 100%,,,50.1,False,2026-10-05,-75.8125,53.27083
CDC-2795747,QC,Jason LeBlanc 100%,,,50.1,False,2026-10-05,-75.72917,53.27917
CDC-2795746,QC,Jason LeBlanc 100%,,,50.1,False,2026-10-05,-75.7375,53.27917
CDC-2795745,QC,Jason LeBlanc 100%,,,50.1,False,2026-10-05,-75.74583,53.27917
CDC-2795738,QC,Jason LeBlanc 100%,,,50.1,False,2026-10-05,-75.7625,53.27083
CDC-2795741,QC,Jason LeBlanc 100%,,,50.1,False,2026-10-05,-75.7375,53.27083
CDC-2795740,QC,Jason LeBlanc 100%,,,50.1,False,2026-10-05,-75.74583,53.27083
CDC-2795739,QC,Jason LeBlanc 100%,,,50.1,False,2026-10-05,-75.75417,53.27083
CDC-2795744,QC,Jason LeBlanc 100%,,,50.1,False,2026-10-05,-75.75417,53.27917
CDC-2795743,QC,Jason LeBlanc 100%,,,50.1,False,2026-10-05,-75.7625,53.27917
CDC-2795750,QC,Jason LeBlanc 100%,,,50.1,False,2026-10-05,-75.8125,53.25417
CDC-2795749,QC,Jason LeBlanc 100%,,,50.1,False,2026-10-05,-75.82083,53.25417
CDC-2795733,QC,Jason LeBlanc 100%,,,50.1,False,2026-10-05,-75.72917,53.2625
CDC-2795732,QC,Jason LeBlanc 100%,,,50.1,False,2026-10-05,-75.7375,53.2625
CDC-2795723,QC,Jason LeBlanc 100%,,,50.1,False,2026-10-05,-75.77083,53.25417
CDC-2795722,QC,Jason LeBlanc 100%,,,50.1,False,2026-10-05,-75.77917,53.25417
CDC-2795721,QC,Jason LeBlanc 100%,,,50.1,False,2026-10-05,-75.7875,53.25417
CDC-2795720,QC,Jason LeBlanc 100%,,,50.1,False,2026-10-05,-75.79583,53.25417
CDC-2795751,QC,Jason LeBlanc 100%,,,50.1,False,2026-10-05,-75.80417,53.25417
CDC-2795752,QC,Jason LeBlanc 100%,,,50.1,False,2026-10-05,-75.82917,53.2625
CDC-2795742,QC,Jason LeBlanc 100%,,,50.1,False,2026-10-05,-75.72917,53.27083
CDC-2795724,QC,Jason LeBlanc 100%,,,50.1,False,2026-10-05,-75.7625,53.25417
CDC-2795748,QC,Jason LeBlanc 100%,,,50.1,False,2026-10-05,-75.82917,53.25417
CDC-2795729,QC,Jason LeBlanc 100%,,,50.1,False,2026-10-05,-75.7625,53.2625
CDC-2795728,QC,Jason LeBlanc 100%,,,50.1,False,2026-10-05,-75.77083,53.2625
CDC-2795727,QC,Jason LeBlanc 100%,,,50.1,False,2026-10-05,-75.77917,53.2625
CDC-2795726,QC,Jason LeBlanc 100%,,,50.1,False,2026-10-05,-75.7875,53.2625
CDC-2795725,QC,Jason LeBlanc 100%,,,50.1,False,2026-10-05,-75.79583,53.2625
CDC-2795755,QC,Jason LeBlanc 100%,,,50.1,False,2026-10-05,-75.80417,53.2625
CDC-2795754,QC,Jason LeBlanc 100%,,,50.1,False,2026-10-05,-75.8125,53.2625
CDC-2795753,QC,Jason LeBlanc 100%,,,50.1,False,2026-10-05,-75.82083,53.2625
CDC-2795731,QC,Jason LeBlanc 100%,,,50.1,False,2026-10-05,-75.74583,53.2625
CDC-2795730,QC,Jason LeBlanc 100%,,,50.1,False,2026-10-05,-75.75417,53.2625
BEX-1811,QC,PF Résolu Canada inc. 100%,,,3.5,False,2026-10-05,-72.04099,48.98974
100920,NU,Agnico Eagle Mines Limited (100%),ELU 17,2026-07-04,1215.4,True,2026-10-05,-106.1573,67.76924
100918,NU,Agnico Eagle Mines Limited (100%),ELU 15,2026-07-04,897.0,True,2026-10-05,-105.98151,67.76714
100922,NU,Agnico Eagle Mines Limited (100%),ELU 19,2026-07-04,693.9,True,2026-10-05,-105.98542,67.7963
