rank,lead_id,name,minfile,primary_metal,metals_abbr,commodity,status,deposit_open,hard_to_stake,nearest_community,community_type,community_km,deposit_size,grade_str,tonnes_str,resource_cat,drill_highlights,exploration_spend,exploration_spend_str,n_reports,last_work_year,operators,basis,encumbrances,core_cell,n_cells,cells_area_ha,score,grade_conf,production,last_prod_year,lat,lon,cell_ids,minfile_url,capsule
1,L0001,Middle River (Second Gold Brook) Au Occurrence,K02-008,Other metallic,Met,"Au, As, Ag, Cu, Zn, Bi, Mo",Past Producer,True,False,,,,no tonnage on record,"Au 98.00 g/t, Cr 0.051%, Cu 0.0366%, Rb 0.013%, Sb 0.0011%",,,,0.0,,0,,,Past Producer (Met). Deposit itself unclaimed.,,-9515_10296,13,325.0,48,0.5,,,46.24541,-60.89447,-9517_10296;-9516_10295;-9516_10296;-9516_10297;-9515_10294;-9515_10295;-9515_10296;-9515_10297;-9515_10298;-9514_10295;-9514_10296;-9514_10297;-9513_10296,https://gesner.novascotia.ca/modb/queryView/singlereport.aspx?Occ_number=K02-008,
2,L0002,Middle River (Second Gold Brook) Au Occurrence,K02-008,Other metallic,Met,"Au, As, Ag, Cu, Zn, Bi, Mo",Past Producer,True,False,,,,no tonnage on record,"Au 98.00 g/t, Cr 0.051%, Cu 0.0366%, Rb 0.013%, Sb 0.0011%",,,,0.0,,0,,,Past Producer (Met). Deposit itself unclaimed.,,-9515_10296,13,325.0,48,0.5,,,46.24705,-60.89558,-9517_10296;-9516_10295;-9516_10296;-9516_10297;-9515_10294;-9515_10295;-9515_10296;-9515_10297;-9515_10298;-9514_10295;-9514_10296;-9514_10297;-9513_10296,https://gesner.novascotia.ca/modb/queryView/singlereport.aspx?Occ_number=K02-008,
3,L0003,Middle River (Second Gold Brook) Au Occurrence,K02-008,Other metallic,Met,"Au, As, Ag, Cu, Zn, Bi, Mo",Past Producer,True,False,,,,no tonnage on record,"Au 98.00 g/t, Cr 0.051%, Cu 0.0366%, Rb 0.013%, Sb 0.0011%",,,,0.0,,0,,,Past Producer (Met). Deposit itself unclaimed.,,-9515_10296,13,325.0,48,0.5,,,46.24531,-60.89421,-9517_10296;-9516_10295;-9516_10296;-9516_10297;-9515_10294;-9515_10295;-9515_10296;-9515_10297;-9515_10298;-9514_10295;-9514_10296;-9514_10297;-9513_10296,https://gesner.novascotia.ca/modb/queryView/singlereport.aspx?Occ_number=K02-008,
4,L0004,"Jim Campbells Barren  Au, Cu, Pb, Zn, As Prospects",K10-045,Other metallic,Met,"Cu, Pb, Zn, As, Au, Ag",Prospect,True,False,,,,no tonnage on record,"Au 10.00 g/t, Cu 1.07%, Ag 50.00 g/t, Bi 0.0808%, Zn 0.348%",,,,0.0,,0,,,Prospect (Met). Deposit itself unclaimed.,,-9519_10367,10,250.0,47,0.5,,,46.56569,-60.91812,-9521_10367;-9520_10366;-9520_10367;-9519_10366;-9519_10367;-9519_10368;-9518_10366;-9518_10367;-9518_10368;-9517_10367,https://gesner.novascotia.ca/modb/queryView/singlereport.aspx?Occ_number=K10-045,
5,L0005,"Jim Campbells Barren  Au, Cu, Pb, Zn, As Prospects",K10-045,Other metallic,Met,"Cu, Pb, Zn, As, Au, Ag",Prospect,True,False,,,,no tonnage on record,"Au 10.00 g/t, Cu 1.07%, Ag 50.00 g/t, Bi 0.0808%, Zn 0.348%",,,,0.0,,0,,,Prospect (Met). Deposit itself unclaimed.,,-9519_10367,10,250.0,47,0.5,,,46.56838,-60.91763,-9521_10367;-9520_10366;-9520_10367;-9519_10366;-9519_10367;-9519_10368;-9518_10366;-9518_10367;-9518_10368;-9517_10367,https://gesner.novascotia.ca/modb/queryView/singlereport.aspx?Occ_number=K10-045,
6,L0006,"Jim Campbells Barren  Au, Cu, Pb, Zn, As Prospects",K10-045,Other metallic,Met,"Cu, Pb, Zn, As, Au, Ag",Prospect,True,False,,,,no tonnage on record,"Au 10.00 g/t, Cu 1.07%, Ag 50.00 g/t, Bi 0.0808%, Zn 0.348%",,,,0.0,,0,,,Prospect (Met). Deposit itself unclaimed.,,-9519_10368,8,200.0,47,0.5,,,46.57009,-60.91782,-9520_10367;-9519_10366;-9519_10367;-9519_10368;-9518_10367;-9518_10368;-9518_10369;-9517_10368,https://gesner.novascotia.ca/modb/queryView/singlereport.aspx?Occ_number=K10-045,
7,L0007,"Jim Campbells Barren  Au, Cu, Pb, Zn, As Prospects",K10-045,Other metallic,Met,"Cu, Pb, Zn, As, Au, Ag",Prospect,True,False,,,,no tonnage on record,"Au 10.00 g/t, Cu 1.07%, Ag 50.00 g/t, Bi 0.0808%, Zn 0.348%",,,,0.0,,0,,,Prospect (Met). Deposit itself unclaimed.,,-9517_10367,13,325.0,47,0.5,,,46.56646,-60.90609,-9519_10367;-9518_10366;-9518_10367;-9518_10368;-9517_10365;-9517_10366;-9517_10367;-9517_10368;-9517_10369;-9516_10366;-9516_10367;-9516_10368;-9515_10367,https://gesner.novascotia.ca/modb/queryView/singlereport.aspx?Occ_number=K10-045,
8,L0008,"Rear Boisdale (McAdams Lake)  Ag, As, Au, Cu, Fe, Pb, Zn",K01-016,Other metallic,Met,"Ag, As, Au, Cu, Pb, Zn",Prospect,True,False,,,,no tonnage on record,"Au 408.00 g/t, Ag 50.00 g/t, Zn 2%, Pb 1%, Cd 0.0505%",,,,0.0,,0,,,Prospect (Met). Deposit itself unclaimed.,,-9447_10251,6,150.0,47,0.5,,,46.04374,-60.45777,-9449_10251;-9448_10251;-9448_10252;-9447_10251;-9447_10252;-9447_10253,https://gesner.novascotia.ca/modb/queryView/singlereport.aspx?Occ_number=K01-016,
9,L0009,"Rear Boisdale (McAdams Lake)  Ag, As, Au, Cu, Fe, Pb, Zn",K01-016,Other metallic,Met,"Ag, As, Au, Cu, Pb, Zn",Prospect,True,False,,,,no tonnage on record,"Au 408.00 g/t, Ag 50.00 g/t, Zn 2%, Pb 1%, Cd 0.0505%",,,,0.0,,0,,,Prospect (Met). Deposit itself unclaimed.,,-9447_10251,6,150.0,47,0.5,,,46.04734,-60.45799,-9449_10251;-9448_10251;-9448_10252;-9447_10251;-9447_10252;-9447_10253,https://gesner.novascotia.ca/modb/queryView/singlereport.aspx?Occ_number=K01-016,
10,L0010,"Jim Campbells Barren  Au, Cu, Pb, Zn, As Prospects",K10-045,Other metallic,Met,"Cu, Pb, Zn, As, Au, Ag",Prospect,True,False,,,,no tonnage on record,"Au 10.00 g/t, Cu 1.07%, Ag 50.00 g/t, Bi 0.0808%, Zn 0.348%",,,,0.0,,0,,,Prospect (Met). Deposit itself unclaimed.,,-9517_10367,13,325.0,47,0.5,,,46.56826,-60.90602,-9519_10367;-9518_10366;-9518_10367;-9518_10368;-9517_10365;-9517_10366;-9517_10367;-9517_10368;-9517_10369;-9516_10366;-9516_10367;-9516_10368;-9515_10367,https://gesner.novascotia.ca/modb/queryView/singlereport.aspx?Occ_number=K10-045,
11,L0011,"Jim Campbells Barren  Au, Cu, Pb, Zn, As Prospects",K10-045,Other metallic,Met,"Cu, Pb, Zn, As, Au, Ag",Prospect,True,False,,,,no tonnage on record,"Au 10.00 g/t, Cu 1.07%, Ag 50.00 g/t, Bi 0.0808%, Zn 0.348%",,,,0.0,,0,,,Prospect (Met). Deposit itself unclaimed.,,-9518_10368,11,275.0,47,0.5,,,46.57026,-60.91194,-9519_10367;-9519_10368;-9518_10366;-9518_10367;-9518_10368;-9518_10369;-9518_10370;-9517_10367;-9517_10368;-9517_10369;-9516_10368,https://gesner.novascotia.ca/modb/queryView/singlereport.aspx?Occ_number=K10-045,
12,L0012,"Jim Campbells Barren  Au, Cu, Pb, Zn, As Prospects",K10-045,Other metallic,Met,"Cu, Pb, Zn, As, Au, Ag",Prospect,True,False,,,,no tonnage on record,"Au 10.00 g/t, Cu 1.07%, Ag 50.00 g/t, Bi 0.0808%, Zn 0.348%",,,,0.0,,0,,,Prospect (Met). Deposit itself unclaimed.,,-9518_10367,13,325.0,47,0.5,,,46.56837,-60.91202,-9520_10367;-9519_10366;-9519_10367;-9519_10368;-9518_10365;-9518_10366;-9518_10367;-9518_10368;-9518_10369;-9517_10366;-9517_10367;-9517_10368;-9516_10367,https://gesner.novascotia.ca/modb/queryView/singlereport.aspx?Occ_number=K10-045,
13,L0013,"Barachois River  Au,  Ag, Te Occurrence",K07-030,Other metallic,Met,"Au, Ag, Te, Cu, Pb",Prospect,True,False,,,,no tonnage on record,"Au 16.70 g/t, Te 0.0315%, Ag 27.80 g/t, Bi 0.0029%, Co 0.0035%",,,,0.0,,0,,,Prospect (Met). Deposit itself unclaimed.,,-9469_10324,13,325.0,47,0.5,,,46.37314,-60.59907,-9471_10324;-9470_10323;-9470_10324;-9470_10325;-9469_10322;-9469_10323;-9469_10324;-9469_10325;-9469_10326;-9468_10323;-9468_10324;-9468_10325;-9467_10324,https://gesner.novascotia.ca/modb/queryView/singlereport.aspx?Occ_number=K07-030,
14,L0014,"Barachois River  Au,  Ag, Te Occurrence",K07-030,Other metallic,Met,"Au, Ag, Te, Cu, Pb",Prospect,True,False,,,,no tonnage on record,"Au 16.70 g/t, Te 0.0315%, Ag 27.80 g/t, Bi 0.0029%, Co 0.0035%",,,,0.0,,0,,,Prospect (Met). Deposit itself unclaimed.,,-9469_10324,13,325.0,47,0.5,,,46.37494,-60.59901,-9471_10324;-9470_10323;-9470_10324;-9470_10325;-9469_10322;-9469_10323;-9469_10324;-9469_10325;-9469_10326;-9468_10323;-9468_10324;-9468_10325;-9467_10324,https://gesner.novascotia.ca/modb/queryView/singlereport.aspx?Occ_number=K07-030,
15,L0015,"Benjamin's Mill U, Ag Occurrence",A16-043,Other metallic,Met,"U, Ag",Occurrence,True,False,,,,no tonnage on record,"U 0.565%, Ag 14.00 g/t",,,drill-tested,0.0,,0,,,Occurrence (Met). Deposit itself unclaimed.,,-10050_10005,11,275.0,46,0.8,,,44.94246,-64.31959,-10051_10004;-10051_10005;-10051_10006;-10050_10003;-10050_10004;-10050_10005;-10050_10006;-10049_10004;-10049_10005;-10049_10006;-10048_10005,https://gesner.novascotia.ca/modb/queryView/singlereport.aspx?Occ_number=A16-043,
16,L0016,"Glen Brook (Diogenes Brook) Fe, As, Au Occurrence",F14-037,Other metallic,Met,"Fe, As, Au",Occurrence,True,False,,,,no tonnage on record,"Au 14.00 g/t, Co 0.0004%, Cr 0.047%, Cu 0.0005%, Mo 0.0003%",,,,0.0,,0,,,Occurrence (Met). Deposit itself unclaimed.,,-9577_10216,9,225.0,41,0.5,,,45.88885,-61.29131,-9579_10216;-9578_10215;-9578_10216;-9578_10217;-9577_10214;-9577_10215;-9577_10216;-9577_10217;-9577_10218,https://gesner.novascotia.ca/modb/queryView/singlereport.aspx?Occ_number=F14-037,
17,L0017,"MacIntosh Brook Cu, Pb, Zn Occurrence",F15-026,Other metallic,Met,"Cu, Pb, Zn, Fe, Ag, Cd, Ni, Au",Occurrence,True,False,,,,no tonnage on record,"Au 106.00 g/t, Zn 1.34%, Ag 12.30 g/t, Pb 0.216%, Cd 0.00964%",,,,0.0,,0,,,Occurrence (Met). Deposit itself unclaimed.,,-9454_10239,13,325.0,41,0.5,,,45.99193,-60.50483,-9456_10239;-9455_10238;-9455_10239;-9455_10240;-9454_10237;-9454_10238;-9454_10239;-9454_10240;-9454_10241;-9453_10238;-9453_10239;-9453_10240;-9452_10239,https://gesner.novascotia.ca/modb/queryView/singlereport.aspx?Occ_number=F15-026,
18,L0018,"Price Point Cu, Sb, Zn, Pb, Ag Occurrence",K07-001,Other metallic,Met,"Pb, Cu, Sb, Zn",Occurrence,True,False,,,,no tonnage on record,"Ag 220.00 g/t, Sb 0.801%, Cu 2%, Co 0.0015%, Cr 0.018%",,,,0.0,,0,,,Occurrence (Met). Deposit itself unclaimed.,,-9464_10303,13,325.0,39,0.5,,,46.28,-60.56967,-9466_10303;-9465_10302;-9465_10303;-9465_10304;-9464_10301;-9464_10302;-9464_10303;-9464_10304;-9464_10305;-9463_10302;-9463_10303;-9463_10304;-9462_10303,https://gesner.novascotia.ca/modb/queryView/singlereport.aspx?Occ_number=K07-001,
19,L0019,"Springhaven Pb, Zn, Ag Occurrence",P13-008,Other metallic,Met,"Pb, Zn, Ag, Cd, Bi",Float,True,False,,,,no tonnage on record,"Ag 340.00 g/t, Pb 16.8%, Zn 0.938%, Bi 0.0544%, Cd 0.0844%",,,,0.0,,0,,,Float (Met). Deposit itself unclaimed.,,-10293_9776,13,325.0,39,0.45,,,43.91009,-65.87437,-10295_9776;-10294_9775;-10294_9776;-10294_9777;-10293_9774;-10293_9775;-10293_9776;-10293_9777;-10293_9778;-10292_9775;-10292_9776;-10292_9777;-10291_9776,https://gesner.novascotia.ca/modb/queryView/singlereport.aspx?Occ_number=P13-008,
20,L0020,Meat Cove Zn Deposit,N02-002,Other metallic,Met,"Zn, Mg, Cd, Ge, Ga, Pb, Cu",Deposit,True,False,,,,no tonnage on record,"Zn 50%, Au 0.04 g/t, Cu 0.0075%",,,,0.0,,0,,,Deposit (Met). Deposit itself unclaimed.,,-9468_10464,13,325.0,38,0.5,,,47.00366,-60.59004,-9470_10464;-9469_10463;-9469_10464;-9469_10465;-9468_10462;-9468_10463;-9468_10464;-9468_10465;-9468_10466;-9467_10463;-9467_10464;-9467_10465;-9466_10464,https://gesner.novascotia.ca/modb/queryView/singlereport.aspx?Occ_number=N02-002,
21,L0021,Meat Cove Zn Deposit,N02-002,Other metallic,Met,"Zn, Mg, Cd, Ge, Ga, Pb, Cu",Deposit,True,False,,,,no tonnage on record,"Zn 50%, Au 0.04 g/t, Cu 0.0075%",,,,0.0,,0,,,Deposit (Met). Deposit itself unclaimed.,,-9468_10465,13,325.0,38,0.5,,,47.00545,-60.58996,-9470_10465;-9469_10464;-9469_10465;-9469_10466;-9468_10463;-9468_10464;-9468_10465;-9468_10466;-9468_10467;-9467_10464;-9467_10465;-9467_10466;-9466_10465,https://gesner.novascotia.ca/modb/queryView/singlereport.aspx?Occ_number=N02-002,
22,L0022,Meat Cove Zn Deposit,N02-002,Other metallic,Met,"Zn, Mg, Cd, Ge, Ga, Pb, Cu",Deposit,True,False,,,,no tonnage on record,"Zn 50%, Au 0.04 g/t, Cu 0.0075%",,,,0.0,,0,,,Deposit (Met). Deposit itself unclaimed.,,-9468_10466,13,325.0,38,0.5,,,47.00887,-60.59389,-9470_10466;-9469_10465;-9469_10466;-9469_10467;-9468_10464;-9468_10465;-9468_10466;-9468_10467;-9468_10468;-9467_10465;-9467_10466;-9467_10467;-9466_10466,https://gesner.novascotia.ca/modb/queryView/singlereport.aspx?Occ_number=N02-002,
23,L0023,MacLeods Lake Au Occurrence,K07-060,Other metallic,Met,"Au, Cu, Ag",Boulder,True,False,,,,no tonnage on record,"Au 4.26 g/t, Co 0.0012%, Cr 0.0069%, Cu 0.0255%, Li 0.0012%",,,,0.0,,0,,,Boulder (Met). Deposit itself unclaimed.,,-9485_10302,13,325.0,35,0.5,,,46.27323,-60.69898,-9487_10302;-9486_10301;-9486_10302;-9486_10303;-9485_10300;-9485_10301;-9485_10302;-9485_10303;-9485_10304;-9484_10301;-9484_10302;-9484_10303;-9483_10302,https://gesner.novascotia.ca/modb/queryView/singlereport.aspx?Occ_number=K07-060,
24,L0024,Upper Glencoe Fe Deposit,F14-007,Other metallic,Met,"Fe, Cu",Deposit,True,False,,,,no tonnage on record,,,,,0.0,,0,,,Deposit (Met). Deposit itself unclaimed.,,-9581_10223,11,275.0,35,1.0,,,45.92081,-61.3156,-9583_10223;-9582_10222;-9582_10223;-9582_10224;-9581_10221;-9581_10222;-9581_10223;-9581_10224;-9581_10225;-9580_10222;-9580_10223,https://gesner.novascotia.ca/modb/queryView/singlereport.aspx?Occ_number=F14-007,
25,L0025,Shubenacadie River Ti Sands - Bar 3,E06-070,Other metallic,Met,"Ti, Fe, Zr, Garnet",Deposit,True,False,,,,no tonnage on record,,,,,0.0,,0,,,Deposit (Met). Deposit itself unclaimed.,,-9919_10087,12,300.0,35,1.0,,,45.30934,-63.47675,-9921_10087;-9920_10086;-9920_10087;-9920_10088;-9919_10085;-9919_10086;-9919_10087;-9919_10088;-9918_10086;-9918_10087;-9918_10088;-9917_10087,https://gesner.novascotia.ca/modb/queryView/singlereport.aspx?Occ_number=E06-070,
26,L0026,Shubenacadie River Ti Sands - Bar 5,E06-072,Other metallic,Met,"Ti, Fe, Zr, Garnet",Deposit,True,False,,,,no tonnage on record,,,,,0.0,,0,,,Deposit (Met). Deposit itself unclaimed.,,-9915_10078,11,275.0,35,1.0,,,45.26713,-63.45492,-9917_10078;-9916_10077;-9916_10078;-9916_10079;-9915_10076;-9915_10077;-9915_10078;-9915_10079;-9914_10077;-9914_10078;-9913_10078,https://gesner.novascotia.ca/modb/queryView/singlereport.aspx?Occ_number=E06-072,
27,L0027,Shubenacadie River Ti Sands - Bar 8,E03-096,Other metallic,Met,"Ti, Fe, Zr, Garnet",Deposit,True,False,,,,no tonnage on record,,,,,0.0,,0,,,Deposit (Met). Deposit itself unclaimed.,,-9909_10069,13,325.0,35,1.0,,,45.2282,-63.41684,-9911_10069;-9910_10068;-9910_10069;-9910_10070;-9909_10067;-9909_10068;-9909_10069;-9909_10070;-9909_10071;-9908_10068;-9908_10069;-9908_10070;-9907_10069,https://gesner.novascotia.ca/modb/queryView/singlereport.aspx?Occ_number=E03-096,
28,L0028,Shubenacadie River Ti Sands - Bar 7,E03-095,Other metallic,Met,"Ti, Fe, Zr, Garnet",Deposit,True,False,,,,no tonnage on record,,,,,0.0,,0,,,Deposit (Met). Deposit itself unclaimed.,,-9913_10073,13,325.0,35,1.0,,,45.24369,-63.44116,-9915_10073;-9914_10072;-9914_10073;-9914_10074;-9913_10071;-9913_10072;-9913_10073;-9913_10074;-9913_10075;-9912_10072;-9912_10073;-9912_10074;-9911_10073,https://gesner.novascotia.ca/modb/queryView/singlereport.aspx?Occ_number=E03-095,
29,L0029,Shubenacadie River Ti Sands - Bar 6,E03-094,Other metallic,Met,"Ti, Fe, Zr, Garnet",Deposit,True,False,,,,no tonnage on record,,,,,0.0,,0,,,Deposit (Met). Deposit itself unclaimed.,,-9915_10073,13,325.0,35,1.0,,,45.24778,-63.4519,-9917_10073;-9916_10072;-9916_10073;-9916_10074;-9915_10071;-9915_10072;-9915_10073;-9915_10074;-9915_10075;-9914_10072;-9914_10073;-9914_10074;-9913_10073,https://gesner.novascotia.ca/modb/queryView/singlereport.aspx?Occ_number=E03-094,
30,L0030,Shubenacadie River Ti Sands - Bar 11,E03-099,Other metallic,Met,"Ti, Fe, Zr, Garnet",Deposit,True,False,,,,no tonnage on record,,,,,0.0,,0,,,Deposit (Met). Deposit itself unclaimed.,,-9905_10056,13,325.0,35,1.0,,,45.16925,-63.38899,-9907_10056;-9906_10055;-9906_10056;-9906_10057;-9905_10054;-9905_10055;-9905_10056;-9905_10057;-9905_10058;-9904_10055;-9904_10056;-9904_10057;-9903_10056,https://gesner.novascotia.ca/modb/queryView/singlereport.aspx?Occ_number=E03-099,
31,L0031,Shubenacadie River Ti Sands - Bar 10,E03-098,Other metallic,Met,"Ti, Fe, Zr, Garnet",Deposit,True,False,,,,no tonnage on record,,,,,0.0,,0,,,Deposit (Met). Deposit itself unclaimed.,,-9906_10061,13,325.0,35,1.0,,,45.19199,-63.39818,-9908_10061;-9907_10060;-9907_10061;-9907_10062;-9906_10059;-9906_10060;-9906_10061;-9906_10062;-9906_10063;-9905_10060;-9905_10061;-9905_10062;-9904_10061,https://gesner.novascotia.ca/modb/queryView/singlereport.aspx?Occ_number=E03-098,
32,L0032,Shubenacadie River Ti Sands - Bar 9,E03-097,Other metallic,Met,"Ti, Fe, Zr, Garnet",Deposit,True,False,,,,no tonnage on record,,,,,0.0,,0,,,Deposit (Met). Deposit itself unclaimed.,,-9908_10064,13,325.0,35,1.0,,,45.20532,-63.41063,-9910_10064;-9909_10063;-9909_10064;-9909_10065;-9908_10062;-9908_10063;-9908_10064;-9908_10065;-9908_10066;-9907_10063;-9907_10064;-9907_10065;-9906_10064,https://gesner.novascotia.ca/modb/queryView/singlereport.aspx?Occ_number=E03-097,
33,L0033,Lake Ainslie Barite-Fluorite Deposits,K03-035,Other metallic,Met,"Ba, F",Deposit,True,False,,,,no tonnage on record,,,,,0.0,,0,,,Deposit (Met). Deposit itself unclaimed.,,-9555_10283,12,300.0,35,1.0,,,46.18739,-61.15217,-9557_10283;-9556_10282;-9556_10283;-9556_10284;-9555_10281;-9555_10282;-9555_10283;-9555_10284;-9555_10285;-9554_10283;-9554_10284;-9553_10283,https://gesner.novascotia.ca/modb/queryView/singlereport.aspx?Occ_number=K03-035,
34,L0034,Shubenacadie River Ti Sands - Bar 2,E06-069,Other metallic,Met,"Ti, Zr, Fe, Garnet",Deposit,True,False,,,,no tonnage on record,,,,,0.0,,0,,,Deposit (Met). Deposit itself unclaimed.,,-9920_10094,13,325.0,35,1.0,,,45.33992,-63.48499,-9922_10094;-9921_10093;-9921_10094;-9921_10095;-9920_10092;-9920_10093;-9920_10094;-9920_10095;-9920_10096;-9919_10093;-9919_10094;-9919_10095;-9918_10094,https://gesner.novascotia.ca/modb/queryView/singlereport.aspx?Occ_number=E06-069,
35,L0035,Shubenacadie River Ti Sands - Bar 1,E05-068,Other metallic,Met,"Ti, Fe, Zr, Garnet",Deposit,True,False,,,,no tonnage on record,,,,,0.0,,0,,,Deposit (Met). Deposit itself unclaimed.,,-9928_10095,13,325.0,35,1.0,,,45.3433,-63.53544,-9930_10095;-9929_10094;-9929_10095;-9929_10096;-9928_10093;-9928_10094;-9928_10095;-9928_10096;-9928_10097;-9927_10094;-9927_10095;-9927_10096;-9926_10095,https://gesner.novascotia.ca/modb/queryView/singlereport.aspx?Occ_number=E05-068,
36,L0036,Shubenacadie River Ti Sands - Bar 4,E06-071,Other metallic,Met,"Ti, Fe, Zr, Garnet",Deposit,True,False,,,,no tonnage on record,,,,,0.0,,0,,,Deposit (Met). Deposit itself unclaimed.,,-9919_10082,13,325.0,35,1.0,,,45.28773,-63.47906,-9921_10082;-9920_10081;-9920_10082;-9920_10083;-9919_10080;-9919_10081;-9919_10082;-9919_10083;-9919_10084;-9918_10081;-9918_10082;-9918_10083;-9917_10082,https://gesner.novascotia.ca/modb/queryView/singlereport.aspx?Occ_number=E06-071,
37,L0037,Lake Ainslie Barite-Fluorite Deposits,K03-035,Other metallic,Met,"Ba, F",Deposit,True,False,,,,no tonnage on record,,,,,0.0,,0,,,Deposit (Met). Deposit itself unclaimed.,,-9549_10289,13,325.0,35,1.0,,,46.21501,-61.11267,-9551_10289;-9550_10288;-9550_10289;-9550_10290;-9549_10287;-9549_10288;-9549_10289;-9549_10290;-9549_10291;-9548_10288;-9548_10289;-9548_10290;-9547_10289,https://gesner.novascotia.ca/modb/queryView/singlereport.aspx?Occ_number=K03-035,
38,L0038,Lake Ainslie Barite-Fluorite Deposits,K03-035,Other metallic,Met,"Ba, F",Deposit,True,False,,,,no tonnage on record,,,,,0.0,,0,,,Deposit (Met). Deposit itself unclaimed.,,-9552_10262,9,225.0,35,1.0,,,46.09672,-61.13017,-9554_10262;-9553_10261;-9553_10262;-9552_10260;-9552_10261;-9552_10262;-9551_10261;-9551_10262;-9550_10262,https://gesner.novascotia.ca/modb/queryView/singlereport.aspx?Occ_number=K03-035,
39,L0039,"Murphy Brook W, Cu, Ag, Au Occurrence",K06-008,Other metallic,Met,"W, Cu, Ag, Au",Occurrence,True,False,,,,no tonnage on record,"W 0.231%, Ag 33.90 g/t, Au 0.30 g/t, Te 0.0024%, Cr 0.046%",,,,0.0,,0,,,Occurrence (Met). Deposit itself unclaimed.,,-9539_10297,13,325.0,34,0.5,,,46.24968,-61.04986,-9541_10297;-9540_10296;-9540_10297;-9540_10298;-9539_10295;-9539_10296;-9539_10297;-9539_10298;-9539_10299;-9538_10296;-9538_10297;-9538_10298;-9537_10297,https://gesner.novascotia.ca/modb/queryView/singlereport.aspx?Occ_number=K06-008,
40,L0040,"Pinkney Point Cu, Mo, W, Sn, As Occurrence",O09-002,Other metallic,Met,"Cu, Mo, As, Sn, W, Be, F, Ag, Bi",Occurrence,True,False,,,,no tonnage on record,"W 0.993%, Sn 0.0562%, Cu 0.123%, Ag 1.90 g/t, Be 0.00063%",,,,0.0,,0,,,Occurrence (Met). Deposit itself unclaimed.,,-10323_9731,13,325.0,34,0.5,,,43.70849,-66.06631,-10325_9731;-10324_9730;-10324_9731;-10324_9732;-10323_9729;-10323_9730;-10323_9731;-10323_9732;-10323_9733;-10322_9730;-10322_9731;-10322_9732;-10321_9731,https://gesner.novascotia.ca/modb/queryView/singlereport.aspx?Occ_number=O09-002,
41,L0041,Fox Point Sn-Cu-Ag-Zn-As Occurrence,A09-032,Other metallic,Met,"Sn, Cu, Zn, As",Occurrence,True,False,,,,no tonnage on record,"Sn 71%, Cu 2.28%, Ag 29.40 g/t, Bi 0.0394%, Zn 0.34%",,,,0.0,,0,,,Occurrence (Met). Deposit itself unclaimed.,,-10009_9930,13,325.0,34,0.5,,,44.60164,-64.05405,-10011_9930;-10010_9929;-10010_9930;-10010_9931;-10009_9928;-10009_9929;-10009_9930;-10009_9931;-10009_9932;-10008_9929;-10008_9930;-10008_9931;-10007_9930,https://gesner.novascotia.ca/modb/queryView/singlereport.aspx?Occ_number=A09-032,
42,L0042,Fox Point Sn-Cu-Ag-Zn-As Occurrence,A09-032,Other metallic,Met,"Sn, Cu, Zn, As",Occurrence,True,False,,,,no tonnage on record,"Sn 71%, Cu 2.28%, Ag 29.40 g/t, Bi 0.0394%, Zn 0.34%",,,,0.0,,0,,,Occurrence (Met). Deposit itself unclaimed.,,-10009_9930,13,325.0,34,0.5,,,44.60241,-64.0553,-10011_9930;-10010_9929;-10010_9930;-10010_9931;-10009_9928;-10009_9929;-10009_9930;-10009_9931;-10009_9932;-10008_9929;-10008_9930;-10008_9931;-10007_9930,https://gesner.novascotia.ca/modb/queryView/singlereport.aspx?Occ_number=A09-032,
43,L0043,Lime Hill Zn and Wollastonite Deposit,F14-012,Other metallic,Met-Ind,"Zn, Cu, W, Wollastonite",Deposit,True,False,,,,no tonnage on record,"Zn 9%, Ag 1.90 g/t, Co 0.003%, Cr 0.033%, Cu 0.0113%",,,,0.0,,0,,,Deposit (Met-Ind). Deposit itself unclaimed.,,-9555_10192,13,325.0,33,0.5,,,45.77979,-61.1485,-9557_10192;-9556_10191;-9556_10192;-9556_10193;-9555_10190;-9555_10191;-9555_10192;-9555_10193;-9555_10194;-9554_10191;-9554_10192;-9554_10193;-9553_10192,https://gesner.novascotia.ca/modb/queryView/singlereport.aspx?Occ_number=F14-012,
44,L0044,Lime Hill Zn and Wollastonite Deposit,F14-012,Other metallic,Met-Ind,"Zn, Cu, W, Wollastonite",Deposit,True,False,,,,no tonnage on record,"Zn 9%, Ag 1.90 g/t, Co 0.003%, Cr 0.033%, Cu 0.0113%",,,,0.0,,0,,,Deposit (Met-Ind). Deposit itself unclaimed.,,-9555_10192,13,325.0,33,0.5,,,45.77981,-61.14953,-9557_10192;-9556_10191;-9556_10192;-9556_10193;-9555_10190;-9555_10191;-9555_10192;-9555_10193;-9555_10194;-9554_10191;-9554_10192;-9554_10193;-9553_10192,https://gesner.novascotia.ca/modb/queryView/singlereport.aspx?Occ_number=F14-012,
45,L0045,Lime Hill Zn and Wollastonite Deposit,F14-012,Other metallic,Met-Ind,"Zn, Cu, W, Wollastonite",Deposit,True,False,,,,no tonnage on record,"Zn 9%, Ag 1.90 g/t, Co 0.003%, Cr 0.033%, Cu 0.0113%",,,,0.0,,0,,,Deposit (Met-Ind). Deposit itself unclaimed.,,-9555_10191,13,325.0,33,0.5,,,45.77684,-61.1495,-9557_10191;-9556_10190;-9556_10191;-9556_10192;-9555_10189;-9555_10190;-9555_10191;-9555_10192;-9555_10193;-9554_10190;-9554_10191;-9554_10192;-9553_10191,https://gesner.novascotia.ca/modb/queryView/singlereport.aspx?Occ_number=F14-012,
46,L0046,Lime Hill Zn and Wollastonite Deposit,F14-012,Other metallic,Met-Ind,"Zn, Cu, W, Wollastonite",Deposit,True,False,,,,no tonnage on record,"Zn 9%, Ag 1.90 g/t, Co 0.003%, Cr 0.033%, Cu 0.0113%",,,,0.0,,0,,,Deposit (Met-Ind). Deposit itself unclaimed.,,-9556_10191,13,325.0,33,0.5,,,45.77777,-61.15731,-9558_10191;-9557_10190;-9557_10191;-9557_10192;-9556_10189;-9556_10190;-9556_10191;-9556_10192;-9556_10193;-9555_10190;-9555_10191;-9555_10192;-9554_10191,https://gesner.novascotia.ca/modb/queryView/singlereport.aspx?Occ_number=F14-012,
47,L0047,"Glencoe Road Pb, Zn Occurrence",F14-046,Other metallic,Met,"Pb, Zn",Occurrence,True,False,,,,no tonnage on record,"Au 3.00 g/t, Ga 0.0034%, Te 0.0018%, Ag 0.30 g/t, Cd 0.00058%",,,,0.0,,0,,,Occurrence (Met). Deposit itself unclaimed.,,-9568_10222,13,325.0,31,0.5,,,45.91475,-61.23041,-9570_10222;-9569_10221;-9569_10222;-9569_10223;-9568_10220;-9568_10221;-9568_10222;-9568_10223;-9568_10224;-9567_10221;-9567_10222;-9567_10223;-9566_10222,https://gesner.novascotia.ca/modb/queryView/singlereport.aspx?Occ_number=F14-046,
48,L0048,"Ingonish River Cu, Fe Occurrence",K10-001,Other metallic,Met,"Cu, Fe",Occurrence,True,False,,,,no tonnage on record,"Au 3.00 g/t, Co 0.0026%, Cr 0.003%, Cu 0.0352%, Ga 0.002%",,,,0.0,,0,,,Occurrence (Met). Deposit itself unclaimed.,,-9457_10379,13,325.0,31,0.5,,,46.61843,-60.52086,-9459_10379;-9458_10378;-9458_10379;-9458_10380;-9457_10377;-9457_10378;-9457_10379;-9457_10380;-9457_10381;-9456_10378;-9456_10379;-9456_10380;-9455_10379,https://gesner.novascotia.ca/modb/queryView/singlereport.aspx?Occ_number=K10-001,
49,L0049,Whetstone Lake Quarry,A10-029,Other metallic,Met,"Siltstone, Whetstone",Past Producer,True,False,,,,no tonnage on record,,,,,0.0,,0,,,Past Producer (Met). Deposit itself unclaimed.,,-10103_9940,13,325.0,30,1.0,,,44.64923,-64.65634,-10105_9940;-10104_9939;-10104_9940;-10104_9941;-10103_9938;-10103_9939;-10103_9940;-10103_9941;-10103_9942;-10102_9939;-10102_9940;-10102_9941;-10101_9940,https://gesner.novascotia.ca/modb/queryView/singlereport.aspx?Occ_number=A10-029,
50,L0050,Whale Creek Manganese Mine,E04-015,Other metallic,Met,Mn,Past Producer,True,False,,,,no tonnage on record,,,,,0.0,,0,,,Past Producer (Met). Deposit itself unclaimed.,,-10000_10072,12,300.0,30,1.0,,,45.2409,-63.99801,-10002_10072;-10001_10071;-10001_10072;-10001_10073;-10000_10071;-10000_10072;-10000_10073;-10000_10074;-9999_10071;-9999_10072;-9999_10073;-9998_10072,https://gesner.novascotia.ca/modb/queryView/singlereport.aspx?Occ_number=E04-015,
51,L0051,Miller Lake Au District,E01-003,Other metallic,Met,"Au, As, Zn, Pb",Past Producer,True,False,,,,no tonnage on record,,,,,0.0,,0,,,Past Producer (Met). Deposit itself unclaimed.,,-9713_10028,6,150.0,30,1.0,,,45.0448,-62.16418,-9715_10028;-9714_10028;-9714_10029;-9713_10028;-9713_10029;-9712_10029,https://gesner.novascotia.ca/modb/queryView/singlereport.aspx?Occ_number=E01-003,
52,L0052,"Nictaux-Torbrook Fe, Mn Deposits",A14-003,Other metallic,Met,"Fe, Mn",Past Producer,True,False,,,,no tonnage on record,,,,,0.0,,0,,,Past Producer (Met). Deposit itself unclaimed.,,-10158_9996,13,325.0,30,1.0,,,44.9011,-65.00793,-10160_9996;-10159_9995;-10159_9996;-10159_9997;-10158_9994;-10158_9995;-10158_9996;-10158_9997;-10158_9998;-10157_9995;-10157_9996;-10157_9997;-10156_9996,https://gesner.novascotia.ca/modb/queryView/singlereport.aspx?Occ_number=A14-003,
53,L0053,"Nictaux-Torbrook Fe, Mn Deposits",A14-003,Other metallic,Met,"Fe, Mn",Past Producer,True,False,,,,no tonnage on record,,,,,0.0,,0,,,Past Producer (Met). Deposit itself unclaimed.,,-10163_9994,13,325.0,30,1.0,,,44.89232,-65.04106,-10165_9994;-10164_9993;-10164_9994;-10164_9995;-10163_9992;-10163_9993;-10163_9994;-10163_9995;-10163_9996;-10162_9993;-10162_9994;-10162_9995;-10161_9994,https://gesner.novascotia.ca/modb/queryView/singlereport.aspx?Occ_number=A14-003,
54,L0054,"Nictaux-Torbrook Fe, Mn Deposits",A14-003,Other metallic,Met,"Fe, Mn",Past Producer,True,False,,,,no tonnage on record,,,,,0.0,,0,,,Past Producer (Met). Deposit itself unclaimed.,,-10163_9994,13,325.0,30,1.0,,,44.89125,-65.04064,-10165_9994;-10164_9993;-10164_9994;-10164_9995;-10163_9992;-10163_9993;-10163_9994;-10163_9995;-10163_9996;-10162_9993;-10162_9994;-10162_9995;-10161_9994,https://gesner.novascotia.ca/modb/queryView/singlereport.aspx?Occ_number=A14-003,
55,L0055,"Nictaux-Torbrook Fe, Mn Deposits",A14-003,Other metallic,Met,"Fe, Mn",Past Producer,True,False,,,,no tonnage on record,,,,,0.0,,0,,,Past Producer (Met). Deposit itself unclaimed.,,-10162_9994,13,325.0,30,1.0,,,44.89109,-65.03443,-10164_9994;-10163_9993;-10163_9994;-10163_9995;-10162_9992;-10162_9993;-10162_9994;-10162_9995;-10162_9996;-10161_9993;-10161_9994;-10161_9995;-10160_9994,https://gesner.novascotia.ca/modb/queryView/singlereport.aspx?Occ_number=A14-003,
56,L0056,"Nictaux-Torbrook Fe, Mn Deposits",A14-003,Other metallic,Met,"Fe, Mn",Past Producer,True,False,,,,no tonnage on record,,,,,0.0,,0,,,Past Producer (Met). Deposit itself unclaimed.,,-10164_9994,13,325.0,30,1.0,,,44.88953,-65.04628,-10166_9994;-10165_9993;-10165_9994;-10165_9995;-10164_9992;-10164_9993;-10164_9994;-10164_9995;-10164_9996;-10163_9993;-10163_9994;-10163_9995;-10162_9994,https://gesner.novascotia.ca/modb/queryView/singlereport.aspx?Occ_number=A14-003,
57,L0057,"Nictaux-Torbrook Fe, Mn Deposits",A14-003,Other metallic,Met,"Fe, Mn",Past Producer,True,False,,,,no tonnage on record,,,,,0.0,,0,,,Past Producer (Met). Deposit itself unclaimed.,,-10165_9992,13,325.0,30,1.0,,,44.88409,-65.05318,-10167_9992;-10166_9991;-10166_9992;-10166_9993;-10165_9990;-10165_9991;-10165_9992;-10165_9993;-10165_9994;-10164_9991;-10164_9992;-10164_9993;-10163_9992,https://gesner.novascotia.ca/modb/queryView/singlereport.aspx?Occ_number=A14-003,
58,L0058,Clam Harbour Gold Mine,D10-001,Other metallic,Met,Au,Past Producer,True,False,,,,no tonnage on record,,,,,0.0,,0,,,Past Producer (Met). Deposit itself unclaimed.,,-9831_9959,9,225.0,30,1.0,,,44.7357,-62.91338,-9833_9959;-9832_9958;-9832_9959;-9831_9957;-9831_9958;-9831_9959;-9830_9958;-9830_9959;-9829_9959,https://gesner.novascotia.ca/modb/queryView/singlereport.aspx?Occ_number=D10-001,
59,L0059,Clam Harbour Gold Mine,D10-001,Other metallic,Met,Au,Past Producer,True,False,,,,no tonnage on record,,,,,0.0,,0,,,Past Producer (Met). Deposit itself unclaimed.,,-9830_9959,9,225.0,30,1.0,,,44.73589,-62.91248,-9832_9959;-9831_9958;-9831_9959;-9830_9957;-9830_9958;-9830_9959;-9829_9958;-9829_9959;-9828_9959,https://gesner.novascotia.ca/modb/queryView/singlereport.aspx?Occ_number=D10-001,
60,L0060,Clam Harbour Gold Mine,D10-001,Other metallic,Met,Au,Past Producer,True,False,,,,no tonnage on record,,,,,0.0,,0,,,Past Producer (Met). Deposit itself unclaimed.,,-9831_9959,9,225.0,30,1.0,,,44.73395,-62.91588,-9833_9959;-9832_9958;-9832_9959;-9831_9957;-9831_9958;-9831_9959;-9830_9958;-9830_9959;-9829_9959,https://gesner.novascotia.ca/modb/queryView/singlereport.aspx?Occ_number=D10-001,
61,L0061,Cow Bay Au District,D11-001,Other metallic,Met,Au,Past Producer,True,False,,,,no tonnage on record,,,,,0.0,,0,,,Past Producer (Met). Deposit itself unclaimed.,,-9913_9936,10,250.0,30,1.0,,,44.631,-63.44222,-9914_9937;-9913_9934;-9913_9935;-9913_9936;-9913_9937;-9913_9938;-9912_9935;-9912_9936;-9912_9937;-9911_9936,https://gesner.novascotia.ca/modb/queryView/singlereport.aspx?Occ_number=D11-001,
62,L0062,Chambers and Pearson Fe Deposits (Brookfield Fe Mines),E06-004,Other metallic,Met,"Fe, Ba",Past Producer,True,False,,,,no tonnage on record,,,,,0.0,,0,,,Past Producer (Met). Deposit itself unclaimed.,,-9881_10079,13,325.0,30,1.0,,,45.27275,-63.23508,-9883_10079;-9882_10078;-9882_10079;-9882_10080;-9881_10077;-9881_10078;-9881_10079;-9881_10080;-9881_10081;-9880_10078;-9880_10079;-9880_10080;-9879_10079,https://gesner.novascotia.ca/modb/queryView/singlereport.aspx?Occ_number=E06-004,
63,L0063,Websters Iron Mine,E07-007,Other metallic,Met,Fe,Past Producer,True,False,,,,no tonnage on record,,,,,0.0,,0,,,Past Producer (Met). Deposit itself unclaimed.,,-9770_10126,13,325.0,30,1.0,,,45.4857,-62.52535,-9772_10126;-9771_10125;-9771_10126;-9771_10127;-9770_10124;-9770_10125;-9770_10126;-9770_10127;-9770_10128;-9769_10125;-9769_10126;-9769_10127;-9768_10126,https://gesner.novascotia.ca/modb/queryView/singlereport.aspx?Occ_number=E07-007,
64,L0064,Glenbervie Pb Mine,E07-018,Other metallic,Met,"Pb, Zn",Past Producer,True,False,,,,no tonnage on record,,,,,0.0,,0,,,Past Producer (Met). Deposit itself unclaimed.,,-9834_10082,12,300.0,30,1.0,,,45.28513,-62.93781,-9835_10081;-9835_10082;-9835_10083;-9834_10080;-9834_10081;-9834_10082;-9834_10083;-9834_10084;-9833_10081;-9833_10082;-9833_10083;-9832_10082,https://gesner.novascotia.ca/modb/queryView/singlereport.aspx?Occ_number=E07-018,
65,L0065,Meaghers Grant As Prospect,D14-002,Other metallic,Met,"As, Au",Prospect,True,False,,,,no tonnage on record,"Au 1.18 g/t, Ag 1.00 g/t, W 0.0002%",,,,0.0,,0,,,Prospect (Met). Deposit itself unclaimed.,,-9879_9998,13,325.0,30,0.5,,,44.90921,-63.22057,-9881_9998;-9880_9997;-9880_9998;-9880_9999;-9879_9996;-9879_9997;-9879_9998;-9879_9999;-9879_10000;-9878_9997;-9878_9998;-9878_9999;-9877_9998,https://gesner.novascotia.ca/modb/queryView/singlereport.aspx?Occ_number=D14-002,
66,L0066,"Jubilee Zn, Pb Deposit",F15-007,Other metallic,Met,"Zn, Pb, Cu, Ba",Deposit,True,False,,,,no tonnage on record,"Zn 1.34%, Pb 1%, Te 0.0016%, Ag 1.30 g/t, Cd 0.0162%",,,,0.0,,0,,,Deposit (Met). Deposit itself unclaimed.,,-9523_10237,9,225.0,30,0.5,,,45.9844,-60.94402,-9525_10237;-9524_10236;-9524_10237;-9523_10235;-9523_10236;-9523_10237;-9522_10236;-9522_10237;-9521_10237,https://gesner.novascotia.ca/modb/queryView/singlereport.aspx?Occ_number=F15-007,
67,L0067,"Jubilee Zn, Pb Deposit",F15-007,Other metallic,Met,"Zn, Pb, Cu, Ba",Deposit,True,False,,,,no tonnage on record,"Zn 1.34%, Pb 1%, Te 0.0016%, Ag 1.30 g/t, Cd 0.0162%",,,,0.0,,0,,,Deposit (Met). Deposit itself unclaimed.,,-9524_10237,9,225.0,30,0.5,,,45.98426,-60.95151,-9526_10237;-9525_10236;-9525_10237;-9524_10235;-9524_10236;-9524_10237;-9523_10236;-9523_10237;-9522_10237,https://gesner.novascotia.ca/modb/queryView/singlereport.aspx?Occ_number=F15-007,
68,L0068,"Ingraham Mine Ba, Fe Occurrence",K01-012,Other metallic,Met,"Ba, Fe",Past Producer,True,False,,,,no tonnage on record,,,,,0.0,,0,,,Past Producer (Met). Deposit itself unclaimed.,,-9446_10272,13,325.0,30,1.0,,,46.13825,-60.45019,-9448_10272;-9447_10271;-9447_10272;-9447_10273;-9446_10270;-9446_10271;-9446_10272;-9446_10273;-9446_10274;-9445_10271;-9445_10272;-9445_10273;-9444_10272,https://gesner.novascotia.ca/modb/queryView/singlereport.aspx?Occ_number=K01-012,
69,L0069,"Ingraham Mine Ba, Fe Occurrence",K01-012,Other metallic,Met,"Ba, Fe",Past Producer,True,False,,,,no tonnage on record,,,,,0.0,,0,,,Past Producer (Met). Deposit itself unclaimed.,,-9445_10273,13,325.0,30,1.0,,,46.14468,-60.44769,-9447_10273;-9446_10272;-9446_10273;-9446_10274;-9445_10271;-9445_10272;-9445_10273;-9445_10274;-9445_10275;-9444_10272;-9444_10273;-9444_10274;-9443_10273,https://gesner.novascotia.ca/modb/queryView/singlereport.aspx?Occ_number=K01-012,
70,L0070,Chisholm Brook Cu Mine (W. A. McPherson's Mine),E13-001,Other metallic,Met,"Cu, Ag, U",Past Producer,True,False,,,,no tonnage on record,,,,,0.0,,0,,,Past Producer (Met). Deposit itself unclaimed.,,-9951_10201,4,100.0,30,1.0,,,45.82,-63.68532,-9951_10201;-9950_10200;-9950_10201;-9949_10201,https://gesner.novascotia.ca/modb/queryView/singlereport.aspx?Occ_number=E13-001,
71,L0071,Barteaux Brook Occurrence,A14-022,Other metallic,Met,"Cu, Mo, Zn, Bi, Au, Ag",Occurrence,True,False,,,,no tonnage on record,"Co 0.0828%, Zn 0.757%, Ag 0.63 g/t, Cu 0.00025%, Pb 0.00222%",,,drill-tested,0.0,,0,,,Occurrence (Met). Deposit itself unclaimed.,,-10179_9981,13,325.0,30,0.8,,,44.83208,-65.14026,-10181_9981;-10180_9980;-10180_9981;-10180_9982;-10179_9979;-10179_9980;-10179_9981;-10179_9982;-10179_9983;-10178_9980;-10178_9981;-10178_9982;-10177_9981,https://gesner.novascotia.ca/modb/queryView/singlereport.aspx?Occ_number=A14-022,
72,L0072,Pleasant River Barrens Au District,A07-005,Other metallic,Met,Au,Past Producer,True,False,,,,no tonnage on record,,,,,0.0,,0,,,Past Producer (Met). Deposit itself unclaimed.,,-10123_9893,2,50.0,30,1.0,,,44.43925,-64.78244,-10123_9891;-10123_9893,https://gesner.novascotia.ca/modb/queryView/singlereport.aspx?Occ_number=A07-005,
73,L0073,Hirschfield Pb Prospect,E08-020,Other metallic,Met,"Pb, Ag",Past Producer,True,False,,,,no tonnage on record,,,,,0.0,,0,,,Past Producer (Met). Deposit itself unclaimed.,,-9706_10074,9,225.0,30,1.0,,,45.25157,-62.11656,-9708_10074;-9707_10074;-9707_10075;-9706_10074;-9706_10075;-9706_10076;-9705_10074;-9705_10075;-9704_10074,https://gesner.novascotia.ca/modb/queryView/singlereport.aspx?Occ_number=E08-020,
74,L0074,Arisaig Brook,E09-017,Other metallic,Met,Fe,Past Producer,True,False,,,,no tonnage on record,,,,,0.0,,0,,,Past Producer (Met). Deposit itself unclaimed.,,-9714_10182,13,325.0,30,1.0,,,45.73558,-62.16591,-9716_10182;-9715_10181;-9715_10182;-9715_10183;-9714_10180;-9714_10181;-9714_10182;-9714_10183;-9714_10184;-9713_10181;-9713_10182;-9713_10183;-9712_10182,https://gesner.novascotia.ca/modb/queryView/singlereport.aspx?Occ_number=E09-017,
75,L0075,Tennycape Estuary Mn Occurrence,E05-018,Other metallic,Met,Mn,Past Producer,True,False,,,,no tonnage on record,,,,,0.0,,0,,,Past Producer (Met). Deposit itself unclaimed.,,-9981_10079,5,125.0,30,1.0,,,45.27248,-63.87936,-9982_10080;-9981_10079;-9981_10080;-9981_10081;-9980_10080,https://gesner.novascotia.ca/modb/queryView/singlereport.aspx?Occ_number=E05-018,
76,L0076,Wheadon Property Mn Occurrence,E05-021,Other metallic,Met,Mn,Past Producer,True,False,,,,no tonnage on record,,,,,0.0,,0,,,Past Producer (Met). Deposit itself unclaimed.,,-9990_10076,6,150.0,30,1.0,,,45.26005,-63.93614,-9992_10076;-9991_10076;-9991_10077;-9990_10076;-9990_10077;-9990_10078,https://gesner.novascotia.ca/modb/queryView/singlereport.aspx?Occ_number=E05-021,
77,L0077,Pine Brook (John MacKeigans Brook) Ba Deposit,F15-024,Other metallic,Met,"Ba, Cu, Pb, Zn",Deposit,True,False,,,,no tonnage on record,"Zn 0.579%, Ag 6.50 g/t, Pb 0.308%, Bi 0.0006%, Cd 0.00675%",,,,0.0,,0,,,Deposit (Met). Deposit itself unclaimed.,,-9473_10194,13,325.0,29,0.5,,,45.79063,-60.62487,-9475_10194;-9474_10193;-9474_10194;-9474_10195;-9473_10192;-9473_10193;-9473_10194;-9473_10195;-9473_10196;-9472_10193;-9472_10194;-9472_10195;-9471_10194,https://gesner.novascotia.ca/modb/queryView/singlereport.aspx?Occ_number=F15-024,
78,L0078,"West Branch Indian Brook Au, Ag, Te Occurrence",K07-061,Other metallic,Met,"Au, Ag, Cu, Te, Bi, Mo",Occurrence,True,False,,,,no tonnage on record,"Au 1.11 g/t, Te 0.0012%, Ag 1.20 g/t, Cu 0.0847%",,,,0.0,,0,,,Occurrence (Met). Deposit itself unclaimed.,,-9467_10339,13,325.0,27,0.9,,,46.44219,-60.58706,-9469_10339;-9468_10338;-9468_10339;-9468_10340;-9467_10337;-9467_10338;-9467_10339;-9467_10340;-9467_10341;-9466_10338;-9466_10339;-9466_10340;-9465_10339,https://gesner.novascotia.ca/modb/queryView/singlereport.aspx?Occ_number=K07-061,
79,L0079,"West Branch Indian Brook Au, Ag, Te Occurrence",K07-061,Other metallic,Met,"Au, Ag, Cu, Te, Bi, Mo",Occurrence,True,False,,,,no tonnage on record,"Au 1.11 g/t, Te 0.0012%, Ag 1.20 g/t, Cu 0.0847%",,,,0.0,,0,,,Occurrence (Met). Deposit itself unclaimed.,,-9466_10341,13,325.0,27,0.9,,,46.44956,-60.57775,-9468_10341;-9467_10340;-9467_10341;-9467_10342;-9466_10339;-9466_10340;-9466_10341;-9466_10342;-9466_10343;-9465_10340;-9465_10341;-9465_10342;-9464_10341,https://gesner.novascotia.ca/modb/queryView/singlereport.aspx?Occ_number=K07-061,
80,L0080,"West Branch Indian Brook Au, Ag, Te Occurrence",K07-061,Other metallic,Met,"Au, Ag, Cu, Te, Bi, Mo",Occurrence,True,False,,,,no tonnage on record,"Au 1.11 g/t, Te 0.0012%, Ag 1.20 g/t, Cu 0.0847%",,,,0.0,,0,,,Occurrence (Met). Deposit itself unclaimed.,,-9465_10341,13,325.0,27,0.9,,,46.45026,-60.5768,-9467_10341;-9466_10340;-9466_10341;-9466_10342;-9465_10339;-9465_10340;-9465_10341;-9465_10342;-9465_10343;-9464_10340;-9464_10341;-9464_10342;-9463_10341,https://gesner.novascotia.ca/modb/queryView/singlereport.aspx?Occ_number=K07-061,
81,L0081,"West Branch Indian Brook Au, Ag, Te Occurrence",K07-061,Other metallic,Met,"Au, Ag, Cu, Te, Bi, Mo",Occurrence,True,False,,,,no tonnage on record,"Au 1.11 g/t, Te 0.0012%, Ag 1.20 g/t, Cu 0.0847%",,,,0.0,,0,,,Occurrence (Met). Deposit itself unclaimed.,,-9466_10341,13,325.0,27,0.9,,,46.44952,-60.57801,-9468_10341;-9467_10340;-9467_10341;-9467_10342;-9466_10339;-9466_10340;-9466_10341;-9466_10342;-9466_10343;-9465_10340;-9465_10341;-9465_10342;-9464_10341,https://gesner.novascotia.ca/modb/queryView/singlereport.aspx?Occ_number=K07-061,
82,L0082,"West Branch Indian Brook Au, Ag, Te Occurrence",K07-061,Other metallic,Met,"Au, Ag, Cu, Te, Bi, Mo",Occurrence,True,False,,,,no tonnage on record,"Au 1.11 g/t, Te 0.0012%, Ag 1.20 g/t, Cu 0.0847%",,,,0.0,,0,,,Occurrence (Met). Deposit itself unclaimed.,,-9464_10344,13,325.0,27,0.9,,,46.4638,-60.57034,-9466_10344;-9465_10343;-9465_10344;-9465_10345;-9464_10342;-9464_10343;-9464_10344;-9464_10345;-9464_10346;-9463_10343;-9463_10344;-9463_10345;-9462_10344,https://gesner.novascotia.ca/modb/queryView/singlereport.aspx?Occ_number=K07-061,
83,L0083,"West Branch Indian Brook Au, Ag, Te Occurrence",K07-061,Other metallic,Met,"Au, Ag, Cu, Te, Bi, Mo",Occurrence,True,False,,,,no tonnage on record,"Au 1.11 g/t, Te 0.0012%, Ag 1.20 g/t, Cu 0.0847%",,,,0.0,,0,,,Occurrence (Met). Deposit itself unclaimed.,,-9465_10340,13,325.0,27,0.9,,,46.44638,-60.57242,-9467_10340;-9466_10339;-9466_10340;-9466_10341;-9465_10338;-9465_10339;-9465_10340;-9465_10341;-9465_10342;-9464_10339;-9464_10340;-9464_10341;-9463_10340,https://gesner.novascotia.ca/modb/queryView/singlereport.aspx?Occ_number=K07-061,
84,L0084,"West Branch Indian Brook Au, Ag, Te Occurrence",K07-061,Other metallic,Met,"Au, Ag, Cu, Te, Bi, Mo",Occurrence,True,False,,,,no tonnage on record,"Au 1.11 g/t, Te 0.0012%, Ag 1.20 g/t, Cu 0.0847%",,,,0.0,,0,,,Occurrence (Met). Deposit itself unclaimed.,,-9467_10341,13,325.0,27,0.9,,,46.44885,-60.58676,-9469_10341;-9468_10340;-9468_10341;-9468_10342;-9467_10339;-9467_10340;-9467_10341;-9467_10342;-9467_10343;-9466_10340;-9466_10341;-9466_10342;-9465_10341,https://gesner.novascotia.ca/modb/queryView/singlereport.aspx?Occ_number=K07-061,
85,L0085,McMillan Brook Skarn,K10-009,Other metallic,Met,"Cu, As, Mo, W, Sn, F",Prospect,True,False,,,,no tonnage on record,"Cu 0.213%, Ag 0.60 g/t, Au 0.01 g/t, Be 0.0003%, Bi 2e-05%",,,,0.0,,0,,,Prospect (Met). Deposit itself unclaimed.,,-9476_10356,13,325.0,26,0.5,,,46.51478,-60.64575,-9478_10356;-9477_10355;-9477_10356;-9477_10357;-9476_10354;-9476_10355;-9476_10356;-9476_10357;-9476_10358;-9475_10355;-9475_10356;-9475_10357;-9474_10356,https://gesner.novascotia.ca/modb/queryView/singlereport.aspx?Occ_number=K10-009,
86,L0086,McMillan Brook Skarn,K10-009,Other metallic,Met,"Cu, As, Mo, W, Sn, F",Prospect,True,False,,,,no tonnage on record,"Cu 0.213%, Ag 0.60 g/t, Au 0.01 g/t, Be 0.0003%, Bi 2e-05%",,,,0.0,,0,,,Prospect (Met). Deposit itself unclaimed.,,-9478_10356,13,325.0,26,0.5,,,46.51814,-60.655,-9480_10356;-9479_10355;-9479_10356;-9479_10357;-9478_10354;-9478_10355;-9478_10356;-9478_10357;-9478_10358;-9477_10355;-9477_10356;-9477_10357;-9476_10356,https://gesner.novascotia.ca/modb/queryView/singlereport.aspx?Occ_number=K10-009,
87,L0087,Clementsport Fe Deposits,A12-010,Other metallic,Met,Fe,Past Producer,True,False,,,,no tonnage on record,"Ag 0.10 g/t, Co 0.0041%, Cu 0.0017%, Ni 0.0073%, Pb 0.01%",,,,0.0,,0,,,Past Producer (Met). Deposit itself unclaimed.,,-10247_9933,13,325.0,26,0.5,,,44.6151,-65.58084,-10249_9933;-10248_9932;-10248_9933;-10248_9934;-10247_9931;-10247_9932;-10247_9933;-10247_9934;-10247_9935;-10246_9932;-10246_9933;-10246_9934;-10245_9933,https://gesner.novascotia.ca/modb/queryView/singlereport.aspx?Occ_number=A12-010,
88,L0088,McMillan Brook Skarn,K10-009,Other metallic,Met,"Cu, As, Mo, W, Sn, F",Prospect,True,False,,,,no tonnage on record,"Cu 0.213%, Ag 0.60 g/t, Au 0.01 g/t, Be 0.0003%, Bi 2e-05%",,,,0.0,,0,,,Prospect (Met). Deposit itself unclaimed.,,-9476_10356,13,325.0,26,0.5,,,46.51529,-60.64417,-9478_10356;-9477_10355;-9477_10356;-9477_10357;-9476_10354;-9476_10355;-9476_10356;-9476_10357;-9476_10358;-9475_10355;-9475_10356;-9475_10357;-9474_10356,https://gesner.novascotia.ca/modb/queryView/singlereport.aspx?Occ_number=K10-009,
89,L0089,Clementsport Fe Deposits,A12-010,Other metallic,Met,Fe,Past Producer,True,False,,,,no tonnage on record,"Ag 0.10 g/t, Co 0.0041%, Cu 0.0017%, Ni 0.0073%, Pb 0.01%",,,,0.0,,0,,,Past Producer (Met). Deposit itself unclaimed.,,-10244_9935,13,325.0,26,0.5,,,44.62709,-65.56032,-10246_9935;-10245_9934;-10245_9935;-10245_9936;-10244_9933;-10244_9934;-10244_9935;-10244_9936;-10244_9937;-10243_9934;-10243_9935;-10243_9936;-10242_9935,https://gesner.novascotia.ca/modb/queryView/singlereport.aspx?Occ_number=A12-010,
90,L0090,Clementsport Fe Deposits,A12-010,Other metallic,Met,Fe,Past Producer,True,False,,,,no tonnage on record,"Ag 0.10 g/t, Co 0.0041%, Cu 0.0017%, Ni 0.0073%, Pb 0.01%",,,,0.0,,0,,,Past Producer (Met). Deposit itself unclaimed.,,-10251_9931,13,325.0,26,0.5,,,44.6087,-65.6011,-10253_9931;-10252_9930;-10252_9931;-10252_9932;-10251_9929;-10251_9930;-10251_9931;-10251_9932;-10251_9933;-10250_9930;-10250_9931;-10250_9932;-10249_9931,https://gesner.novascotia.ca/modb/queryView/singlereport.aspx?Occ_number=A12-010,
91,L0091,South Manchester Fe Mine (Callahan Mine),F06-004,Other metallic,Met,Fe,Past Producer,True,False,,,,no tonnage on record,"Ag 2.00 g/t, Au 0.04 g/t, Be 0.00015%, Cd 2.3e-05%, Co 0.0006%",,,,0.0,,0,,,Past Producer (Met). Deposit itself unclaimed.,,-9603_10107,13,325.0,26,0.5,,,45.39942,-61.45755,-9605_10107;-9604_10106;-9604_10107;-9604_10108;-9603_10105;-9603_10106;-9603_10107;-9603_10108;-9603_10109;-9602_10106;-9602_10107;-9602_10108;-9601_10107,https://gesner.novascotia.ca/modb/queryView/singlereport.aspx?Occ_number=F06-004,
92,L0092,South Manchester Fe Mine (Callahan Mine),F06-004,Other metallic,Met,Fe,Past Producer,True,False,,,,no tonnage on record,"Ag 2.00 g/t, Au 0.04 g/t, Be 0.00015%, Cd 2.3e-05%, Co 0.0006%",,,,0.0,,0,,,Past Producer (Met). Deposit itself unclaimed.,,-9603_10108,13,325.0,26,0.5,,,45.40126,-61.45511,-9605_10108;-9604_10107;-9604_10108;-9604_10109;-9603_10106;-9603_10107;-9603_10108;-9603_10109;-9603_10110;-9602_10107;-9602_10108;-9602_10109;-9601_10108,https://gesner.novascotia.ca/modb/queryView/singlereport.aspx?Occ_number=F06-004,
93,L0093,"Ryan Brook  Pb, Zn Occurrence",K07-049,Other metallic,Met,"Pb, Zn, Cu, Fe, Ag, Mo",Prospect,True,False,,,,no tonnage on record,"Ag 13.80 g/t, Cd 2e-06%, Co 0.0015%, Cr 0.0076%, Cu 0.0047%",,,,0.0,,0,,,Prospect (Met). Deposit itself unclaimed.,,-9524_10308,13,325.0,26,0.5,,,46.29966,-60.94836,-9526_10308;-9525_10307;-9525_10308;-9525_10309;-9524_10306;-9524_10307;-9524_10308;-9524_10309;-9524_10310;-9523_10307;-9523_10308;-9523_10309;-9522_10308,https://gesner.novascotia.ca/modb/queryView/singlereport.aspx?Occ_number=K07-049,
94,L0094,"Ryan Brook  Pb, Zn Occurrence",K07-049,Other metallic,Met,"Pb, Zn, Cu, Fe, Ag, Mo",Prospect,True,False,,,,no tonnage on record,"Ag 13.80 g/t, Cd 2e-06%, Co 0.0015%, Cr 0.0076%, Cu 0.0047%",,,,0.0,,0,,,Prospect (Met). Deposit itself unclaimed.,,-9522_10307,13,325.0,26,0.5,,,46.29595,-60.9372,-9524_10307;-9523_10306;-9523_10307;-9523_10308;-9522_10305;-9522_10306;-9522_10307;-9522_10308;-9522_10309;-9521_10306;-9521_10307;-9521_10308;-9520_10307,https://gesner.novascotia.ca/modb/queryView/singlereport.aspx?Occ_number=K07-049,
95,L0095,"Ryan Brook  Pb, Zn Occurrence",K07-049,Other metallic,Met,"Pb, Zn, Cu, Fe, Ag, Mo",Prospect,True,False,,,,no tonnage on record,"Ag 13.80 g/t, Cd 2e-06%, Co 0.0015%, Cr 0.0076%, Cu 0.0047%",,,,0.0,,0,,,Prospect (Met). Deposit itself unclaimed.,,-9523_10307,13,325.0,26,0.5,,,46.2982,-60.94257,-9525_10307;-9524_10306;-9524_10307;-9524_10308;-9523_10305;-9523_10306;-9523_10307;-9523_10308;-9523_10309;-9522_10306;-9522_10307;-9522_10308;-9521_10307,https://gesner.novascotia.ca/modb/queryView/singlereport.aspx?Occ_number=K07-049,
96,L0096,McMillan Brook Skarn,K10-009,Other metallic,Met,"Cu, As, Mo, W, Sn, F",Prospect,True,False,,,,no tonnage on record,"Cu 0.213%, Ag 0.60 g/t, Au 0.01 g/t, Be 0.0003%, Bi 2e-05%",,,,0.0,,0,,,Prospect (Met). Deposit itself unclaimed.,,-9476_10356,13,325.0,26,0.5,,,46.51553,-60.64503,-9478_10356;-9477_10355;-9477_10356;-9477_10357;-9476_10354;-9476_10355;-9476_10356;-9476_10357;-9476_10358;-9475_10355;-9475_10356;-9475_10357;-9474_10356,https://gesner.novascotia.ca/modb/queryView/singlereport.aspx?Occ_number=K10-009,
97,L0097,McMillan Brook Skarn,K10-009,Other metallic,Met,"Cu, As, Mo, W, Sn, F",Prospect,True,False,,,,no tonnage on record,"Cu 0.213%, Ag 0.60 g/t, Au 0.01 g/t, Be 0.0003%, Bi 2e-05%",,,,0.0,,0,,,Prospect (Met). Deposit itself unclaimed.,,-9476_10356,13,325.0,26,0.5,,,46.51873,-60.64496,-9478_10356;-9477_10355;-9477_10356;-9477_10357;-9476_10354;-9476_10355;-9476_10356;-9476_10357;-9476_10358;-9475_10355;-9475_10356;-9475_10357;-9474_10356,https://gesner.novascotia.ca/modb/queryView/singlereport.aspx?Occ_number=K10-009,
98,L0098,"Ingram River Cu, Sn Occurrence",D12-013,Other metallic,Met,"Cu, Sn, Ag, Au, Bi, F, As",Occurrence,True,False,,,,no tonnage on record,"Cu 0.773%, Sn 0.162%, Ag 6.60 g/t, Mo 0.0101%, Be 0.0007%",,,,0.0,,0,,,Occurrence (Met). Deposit itself unclaimed.,,-9996_9948,13,325.0,25,0.5,,,44.68634,-63.97235,-9998_9948;-9997_9947;-9997_9948;-9997_9949;-9996_9946;-9996_9947;-9996_9948;-9996_9949;-9996_9950;-9995_9947;-9995_9948;-9995_9949;-9994_9948,https://gesner.novascotia.ca/modb/queryView/singlereport.aspx?Occ_number=D12-013,
99,L0099,"Ingram River Cu, Sn Occurrence",D12-013,Other metallic,Met,"Cu, Sn, Ag, Au, Bi, F, As",Occurrence,True,False,,,,no tonnage on record,"Cu 0.773%, Sn 0.162%, Ag 6.60 g/t, Mo 0.0101%, Be 0.0007%",,,,0.0,,0,,,Occurrence (Met). Deposit itself unclaimed.,,-9996_9949,13,325.0,25,0.5,,,44.69007,-63.97154,-9998_9949;-9997_9948;-9997_9949;-9997_9950;-9996_9947;-9996_9948;-9996_9949;-9996_9950;-9996_9951;-9995_9948;-9995_9949;-9995_9950;-9994_9949,https://gesner.novascotia.ca/modb/queryView/singlereport.aspx?Occ_number=D12-013,
100,L0100,"Ingram River Cu, Sn Occurrence",D12-013,Other metallic,Met,"Cu, Sn, Ag, Au, Bi, F, As",Occurrence,True,False,,,,no tonnage on record,"Cu 0.773%, Sn 0.162%, Ag 6.60 g/t, Mo 0.0101%, Be 0.0007%",,,,0.0,,0,,,Occurrence (Met). Deposit itself unclaimed.,,-9996_9949,13,325.0,25,0.5,,,44.69021,-63.97107,-9998_9949;-9997_9948;-9997_9949;-9997_9950;-9996_9947;-9996_9948;-9996_9949;-9996_9950;-9996_9951;-9995_9948;-9995_9949;-9995_9950;-9994_9949,https://gesner.novascotia.ca/modb/queryView/singlereport.aspx?Occ_number=D12-013,
101,L0101,Millen Mountain Cu Occurrence (Branch Road),E03-092,Other metallic,Met,"Cu, Ag",Occurrence,True,False,,,,no tonnage on record,"Cu 1.63%, Ag 3.10 g/t, Au 0.00 g/t, Cd 2e-05%, Co 0.001%",,,,0.0,,0,,,Occurrence (Met). Deposit itself unclaimed.,,-9860_10043,9,225.0,25,0.5,,,45.1087,-63.09919,-9861_10042;-9861_10043;-9860_10041;-9860_10042;-9860_10043;-9859_10042;-9859_10043;-9859_10044;-9858_10043,https://gesner.novascotia.ca/modb/queryView/singlereport.aspx?Occ_number=E03-092,
102,L0102,Red River Au Occurrence,K15-011,Other metallic,Met,Au,Occurrence,True,False,,,,no tonnage on record,Au 1.33 g/t,,,,0.0,,0,,,Occurrence (Met). Deposit itself unclaimed.,,-9484_10426,12,300.0,24,0.5,,,46.8323,-60.6939,-9486_10426;-9485_10425;-9485_10426;-9485_10427;-9484_10425;-9484_10426;-9484_10427;-9484_10428;-9483_10425;-9483_10426;-9483_10427;-9482_10426,https://gesner.novascotia.ca/modb/queryView/singlereport.aspx?Occ_number=K15-011,
103,L0103,"Kenney Shore Sn, Cu Skarn",A05-005,Other metallic,Met,"Sn, Cu",Occurrence,True,False,,,,no tonnage on record,"Sn 0.497%, Cu 0.17%, Ag 2.50 g/t, Be 0.00063%, Bi 0.00121%",,,,0.0,,0,,,Occurrence (Met). Deposit itself unclaimed.,,-10308_9904,13,325.0,24,0.5,,,44.48487,-65.96891,-10310_9904;-10309_9903;-10309_9904;-10309_9905;-10308_9902;-10308_9903;-10308_9904;-10308_9905;-10308_9906;-10307_9903;-10307_9904;-10307_9905;-10306_9904,https://gesner.novascotia.ca/modb/queryView/singlereport.aspx?Occ_number=A05-005,
104,L0104,"Loch Lomond Lake Pb, Zn, Sr, Ba Occurrence",F15-022,Other metallic,Met,"Pb, Zn, Sr, Ba",Occurrence,True,False,,,,no tonnage on record,"Ag 26.30 g/t, Zn 0.937%, Pb 1%, Te 0.002%, Bi 0.001%",,,,0.0,,0,,,Occurrence (Met). Deposit itself unclaimed.,,-9464_10189,13,325.0,22,0.5,,,45.76567,-60.56882,-9466_10189;-9465_10188;-9465_10189;-9465_10190;-9464_10187;-9464_10188;-9464_10189;-9464_10190;-9464_10191;-9463_10188;-9463_10189;-9463_10190;-9462_10189,https://gesner.novascotia.ca/modb/queryView/singlereport.aspx?Occ_number=F15-022,
105,L0105,Beinn Scalpie Cu Occurrence,K02-006,Other metallic,Met,"Cu, Fe",Occurrence,True,False,,,,no tonnage on record,"Cu 0.817%, Cr 0.046%, Sb 3e-05%, Sc 0.00075%, Ag 1.00 g/t",,,,0.0,,0,,,Occurrence (Met). Deposit itself unclaimed.,,-9464_10283,13,325.0,22,0.5,,,46.18983,-60.57015,-9466_10283;-9465_10282;-9465_10283;-9465_10284;-9464_10281;-9464_10282;-9464_10283;-9464_10284;-9464_10285;-9463_10282;-9463_10283;-9463_10284;-9462_10283,https://gesner.novascotia.ca/modb/queryView/singlereport.aspx?Occ_number=K02-006,
106,L0106,West Branch North River Ag-Bi Occurrence,K07-088,Other metallic,Met,"Ag, Bi",Boulder,True,False,,,,no tonnage on record,"Ag 46.60 g/t, Bi 0.0779%, Au 0.02 g/t, Cd 6e-05%, Co 0.00029%",,,,0.0,,0,,,Boulder (Met). Deposit itself unclaimed.,,-9502_10326,13,325.0,22,0.45,,,46.38378,-60.80809,-9504_10326;-9503_10325;-9503_10326;-9503_10327;-9502_10324;-9502_10325;-9502_10326;-9502_10327;-9502_10328;-9501_10325;-9501_10326;-9501_10327;-9500_10326,https://gesner.novascotia.ca/modb/queryView/singlereport.aspx?Occ_number=K07-088,
107,L0107,"Barachois River Cu, Mo Occurrence",K07-053,Other metallic,Met,"Cu, Mo, Fe",Occurrence,True,False,,,,no tonnage on record,"Cu 0.655%, Mo 0.0531%, Co 0.0015%, Cr 0.0009%, Ni 0.0002%",,,,0.0,,0,,,Occurrence (Met). Deposit itself unclaimed.,,-9468_10322,13,325.0,22,0.5,,,46.36255,-60.59174,-9470_10322;-9469_10321;-9469_10322;-9469_10323;-9468_10320;-9468_10321;-9468_10322;-9468_10323;-9468_10324;-9467_10321;-9467_10322;-9467_10323;-9466_10322,https://gesner.novascotia.ca/modb/queryView/singlereport.aspx?Occ_number=K07-053,
108,L0108,Beinn Scalpie Cu Occurrence,K02-006,Other metallic,Met,"Cu, Fe",Occurrence,True,False,,,,no tonnage on record,"Cu 0.817%, Cr 0.046%, Sb 3e-05%, Sc 0.00075%, Ag 1.00 g/t",,,,0.0,,0,,,Occurrence (Met). Deposit itself unclaimed.,,-9465_10284,13,325.0,22,0.5,,,46.19179,-60.57356,-9467_10284;-9466_10283;-9466_10284;-9466_10285;-9465_10282;-9465_10283;-9465_10284;-9465_10285;-9465_10286;-9464_10283;-9464_10284;-9464_10285;-9463_10284,https://gesner.novascotia.ca/modb/queryView/singlereport.aspx?Occ_number=K02-006,
109,L0109,"Loch Lomond Lake Pb, Zn, Sr, Ba Occurrence",F15-022,Other metallic,Met,"Pb, Zn, Sr, Ba",Occurrence,True,False,,,,no tonnage on record,"Ag 26.30 g/t, Zn 0.937%, Pb 1%, Te 0.002%, Bi 0.001%",,,,0.0,,0,,,Occurrence (Met). Deposit itself unclaimed.,,-9464_10190,13,325.0,22,0.5,,,45.77335,-60.56515,-9466_10190;-9465_10189;-9465_10190;-9465_10191;-9464_10188;-9464_10189;-9464_10190;-9464_10191;-9464_10192;-9463_10189;-9463_10190;-9463_10191;-9462_10190,https://gesner.novascotia.ca/modb/queryView/singlereport.aspx?Occ_number=F15-022,
110,L0110,"Loch Lomond Lake Pb, Zn, Sr, Ba Occurrence",F15-022,Other metallic,Met,"Pb, Zn, Sr, Ba",Occurrence,True,False,,,,no tonnage on record,"Ag 26.30 g/t, Zn 0.937%, Pb 1%, Te 0.002%, Bi 0.001%",,,,0.0,,0,,,Occurrence (Met). Deposit itself unclaimed.,,-9463_10192,13,325.0,22,0.5,,,45.77827,-60.55927,-9465_10192;-9464_10191;-9464_10192;-9464_10193;-9463_10190;-9463_10191;-9463_10192;-9463_10193;-9463_10194;-9462_10191;-9462_10192;-9462_10193;-9461_10192,https://gesner.novascotia.ca/modb/queryView/singlereport.aspx?Occ_number=F15-022,
111,L0111,"Loch Lomond Lake Pb, Zn, Sr, Ba Occurrence",F15-022,Other metallic,Met,"Pb, Zn, Sr, Ba",Occurrence,True,False,,,,no tonnage on record,"Ag 26.30 g/t, Zn 0.937%, Pb 1%, Te 0.002%, Bi 0.001%",,,,0.0,,0,,,Occurrence (Met). Deposit itself unclaimed.,,-9463_10191,13,325.0,22,0.5,,,45.77589,-60.56156,-9465_10191;-9464_10190;-9464_10191;-9464_10192;-9463_10189;-9463_10190;-9463_10191;-9463_10192;-9463_10193;-9462_10190;-9462_10191;-9462_10192;-9461_10191,https://gesner.novascotia.ca/modb/queryView/singlereport.aspx?Occ_number=F15-022,
112,L0112,"Loch Lomond Lake Pb, Zn, Sr, Ba Occurrence",F15-022,Other metallic,Met,"Pb, Zn, Sr, Ba",Occurrence,True,False,,,,no tonnage on record,"Ag 26.30 g/t, Zn 0.937%, Pb 1%, Te 0.002%, Bi 0.001%",,,,0.0,,0,,,Occurrence (Met). Deposit itself unclaimed.,,-9463_10193,13,325.0,22,0.5,,,45.78604,-60.56073,-9465_10193;-9464_10192;-9464_10193;-9464_10194;-9463_10191;-9463_10192;-9463_10193;-9463_10194;-9463_10195;-9462_10192;-9462_10193;-9462_10194;-9461_10193,https://gesner.novascotia.ca/modb/queryView/singlereport.aspx?Occ_number=F15-022,
113,L0113,"The Three Sisters (Lake O'Law)  Au, W, As Occurrence",K07-050,Other metallic,Met,"Au, W, As, Cu",Occurrence,True,False,,,,no tonnage on record,"Au 0.63 g/t, Ag 0.80 g/t, Cd 0.00131%, Co 0.0038%, Cr 0.0144%",,,,0.0,,0,,,Occurrence (Met). Deposit itself unclaimed.,,-9524_10304,13,325.0,21,0.5,,,46.28434,-60.95243,-9526_10304;-9525_10303;-9525_10304;-9525_10305;-9524_10302;-9524_10303;-9524_10304;-9524_10305;-9524_10306;-9523_10303;-9523_10304;-9523_10305;-9522_10304,https://gesner.novascotia.ca/modb/queryView/singlereport.aspx?Occ_number=K07-050,
114,L0114,Crowdis Mountain Pb-Zn Ocurrence,K02-046,Other metallic,Met,"Pb, Zn, As, Au",Occurrence,True,False,,,,no tonnage on record,"Au 0.44 g/t, Co 0.0016%, Cr 0.0051%, Cu 0.0039%, Ga 0.001%",,,,0.0,,0,,,Occurrence (Met). Deposit itself unclaimed.,,-9507_10281,13,325.0,21,0.5,,,46.17933,-60.84528,-9509_10281;-9508_10280;-9508_10281;-9508_10282;-9507_10279;-9507_10280;-9507_10281;-9507_10282;-9507_10283;-9506_10280;-9506_10281;-9506_10282;-9505_10281,https://gesner.novascotia.ca/modb/queryView/singlereport.aspx?Occ_number=K02-046,
115,L0115,"Yankee Line Road Ba, Pb Occurrence",K02-014,Other metallic,Met,"Ba, Cu, Sr, F, Pb",Occurrence,True,False,,,,no tonnage on record,"Ag 35.00 g/t, Rb 0.0035%, Sb 7e-05%, Sc 0.00048%, U 0.00075%",,,,0.0,,0,,,Occurrence (Met). Deposit itself unclaimed.,,-9520_10271,13,325.0,21,0.5,,,46.13397,-60.92758,-9522_10271;-9521_10270;-9521_10271;-9521_10272;-9520_10269;-9520_10270;-9520_10271;-9520_10272;-9520_10273;-9519_10270;-9519_10271;-9519_10272;-9518_10271,https://gesner.novascotia.ca/modb/queryView/singlereport.aspx?Occ_number=K02-014,
116,L0116,"Yankee Line Road Ba, Pb Occurrence",K02-014,Other metallic,Met,"Ba, Cu, Sr, F, Pb",Occurrence,True,False,,,,no tonnage on record,"Ag 35.00 g/t, Rb 0.0035%, Sb 7e-05%, Sc 0.00048%, U 0.00075%",,,,0.0,,0,,,Occurrence (Met). Deposit itself unclaimed.,,-9518_10271,13,325.0,21,0.5,,,46.13658,-60.91312,-9520_10271;-9519_10270;-9519_10271;-9519_10272;-9518_10269;-9518_10270;-9518_10271;-9518_10272;-9518_10273;-9517_10270;-9517_10271;-9517_10272;-9516_10271,https://gesner.novascotia.ca/modb/queryView/singlereport.aspx?Occ_number=K02-014,
117,L0117,"Goose Cove Brook   Cu, Mo Occurrence",K07-055,Other metallic,Met,"Cu, Mo",Occurrence,True,False,,,,no tonnage on record,"Mo 0.486%, Cu 0.188%, Ag 5.60 g/t, Au 0.04 g/t, Co 0.0011%",,,,0.0,,0,,,Occurrence (Met). Deposit itself unclaimed.,,-9478_10300,13,325.0,21,0.5,,,46.26487,-60.65547,-9480_10300;-9479_10299;-9479_10300;-9479_10301;-9478_10298;-9478_10299;-9478_10300;-9478_10301;-9478_10302;-9477_10299;-9477_10300;-9477_10301;-9476_10300,https://gesner.novascotia.ca/modb/queryView/singlereport.aspx?Occ_number=K07-055,
118,L0118,"Yankee Line Road Ba, Pb Occurrence",K02-014,Other metallic,Met,"Ba, Cu, Sr, F, Pb",Occurrence,True,False,,,,no tonnage on record,"Ag 35.00 g/t, Rb 0.0035%, Sb 7e-05%, Sc 0.00048%, U 0.00075%",,,,0.0,,0,,,Occurrence (Met). Deposit itself unclaimed.,,-9517_10272,13,325.0,21,0.5,,,46.13897,-60.9063,-9519_10272;-9518_10271;-9518_10272;-9518_10273;-9517_10270;-9517_10271;-9517_10272;-9517_10273;-9517_10274;-9516_10271;-9516_10272;-9516_10273;-9515_10272,https://gesner.novascotia.ca/modb/queryView/singlereport.aspx?Occ_number=K02-014,
119,L0119,Conneach Brook Road North Au Occurrence,K10-090,Other metallic,Met,"Au, Fe",Float,True,False,,,,no tonnage on record,"Au 0.65 g/t, Be 0.0002%, Bi 5e-05%, Co 0.00159%, Cu 0.00376%",,,,0.0,,0,,,Float (Met). Deposit itself unclaimed.,,-9499_10360,9,225.0,21,0.45,,,46.5331,-60.79089,-9501_10360;-9500_10359;-9500_10360;-9500_10361;-9499_10358;-9499_10359;-9499_10360;-9499_10361;-9499_10362,https://gesner.novascotia.ca/modb/queryView/singlereport.aspx?Occ_number=K10-090,
120,L0120,"Yankee Line Road Ba, Pb Occurrence",K02-014,Other metallic,Met,"Ba, Cu, Sr, F, Pb",Occurrence,True,False,,,,no tonnage on record,"Ag 35.00 g/t, Rb 0.0035%, Sb 7e-05%, Sc 0.00048%, U 0.00075%",,,,0.0,,0,,,Occurrence (Met). Deposit itself unclaimed.,,-9519_10268,13,325.0,21,0.5,,,46.12356,-60.91944,-9521_10268;-9520_10267;-9520_10268;-9520_10269;-9519_10266;-9519_10267;-9519_10268;-9519_10269;-9519_10270;-9518_10267;-9518_10268;-9518_10269;-9517_10268,https://gesner.novascotia.ca/modb/queryView/singlereport.aspx?Occ_number=K02-014,
121,L0121,East Kemptville As Occurrence,A04-027,Other metallic,Met,As,Occurrence,True,False,,,,no tonnage on record,"Au 0.35 g/t, Ag 0.60 g/t, Cd 8e-06%, Cu 0.0046%, Pb 0.0051%",,,,0.0,,0,,,Occurrence (Met). Deposit itself unclaimed.,,-10276_9815,11,275.0,20,0.5,,,44.08614,-65.76729,-10278_9815;-10277_9814;-10277_9815;-10277_9816;-10276_9814;-10276_9815;-10276_9816;-10276_9817;-10275_9815;-10275_9816;-10274_9815,https://gesner.novascotia.ca/modb/queryView/singlereport.aspx?Occ_number=A04-027,
122,L0122,Cape Saint Mary Stibnite Occurrence,B01-010,Other metallic,Met,"Sb, As, Ni, Cu, Ag",Occurrence,True,False,,,,no tonnage on record,"Cu 0.25%, Ni 0.0542%, Co 0.018%",,,,0.0,,0,,,Occurrence (Met). Deposit itself unclaimed.,,-10344_9821,9,225.0,20,0.5,,,44.115,-66.19658,-10346_9821;-10345_9820;-10345_9821;-10344_9819;-10344_9820;-10344_9821;-10343_9820;-10343_9821;-10342_9821,https://gesner.novascotia.ca/modb/queryView/singlereport.aspx?Occ_number=B01-010,
123,L0123,"French Village Lake Zn, As Occurrence",F16-038,Other metallic,Met,"Zn, As, Cu, Cd",Occurrence,True,False,,,,no tonnage on record,"Zn 0.966%, Ag 1.20 g/t, Au 0.02 g/t, Bi 0.0018%, Cd 0.00352%",,,,0.0,,0,,,Occurrence (Met). Deposit itself unclaimed.,,-9419_10221,13,325.0,20,0.7,,,45.90959,-60.27694,-9421_10221;-9420_10220;-9420_10221;-9420_10222;-9419_10219;-9419_10220;-9419_10221;-9419_10222;-9419_10223;-9418_10220;-9418_10221;-9418_10222;-9417_10221,https://gesner.novascotia.ca/modb/queryView/singlereport.aspx?Occ_number=F16-038,
124,L0124,"Shaw Lakes Cu, Pb Occurrence",F15-016,Other metallic,Met,"Cu, Pb, Zn",Occurrence,True,False,,,,no tonnage on record,"Cu 0.213%, Pb 0.328%, Ag 1.10 g/t, Bi 0.0006%, Cd 0.00016%",,,,0.0,,0,,,Occurrence (Met). Deposit itself unclaimed.,,-9462_10190,13,325.0,20,0.5,,,45.76921,-60.55671,-9464_10190;-9463_10189;-9463_10190;-9463_10191;-9462_10188;-9462_10189;-9462_10190;-9462_10191;-9462_10192;-9461_10189;-9461_10190;-9461_10191;-9460_10190,https://gesner.novascotia.ca/modb/queryView/singlereport.aspx?Occ_number=F15-016,
125,L0125,Cape Saint Mary Stibnite Occurrence,B01-010,Other metallic,Met,"Sb, As, Ni, Cu, Ag",Occurrence,True,False,,,,no tonnage on record,"Cu 0.25%, Ni 0.0542%, Co 0.018%",,,,0.0,,0,,,Occurrence (Met). Deposit itself unclaimed.,,-10344_9826,9,225.0,20,0.5,,,44.13698,-66.19927,-10346_9826;-10345_9826;-10345_9827;-10344_9826;-10344_9827;-10344_9828;-10343_9826;-10343_9827;-10342_9826,https://gesner.novascotia.ca/modb/queryView/singlereport.aspx?Occ_number=B01-010,
126,L0126,Leminster Molybdenum,A16-009,Other metallic,Met,"As, Fe, Mo, Bi",Occurrence,True,False,,,,no tonnage on record,"Mo 0.0961%, Bi 0.0174%, Cr 0.00715%, Cu 0.00145%, Nb 0.00051%",,,,0.0,,0,,,Occurrence (Met). Deposit itself unclaimed.,,-10046_9978,7,175.0,20,0.9,,,44.82095,-64.29518,-10047_9978;-10047_9979;-10046_9978;-10046_9979;-10046_9980;-10045_9978;-10045_9979,https://gesner.novascotia.ca/modb/queryView/singlereport.aspx?Occ_number=A16-009,
127,L0127,"Sugarloaf Mountain Cu, Pb, Zn Occurrence",K07-019,Other metallic,Met,"Cu, Pb, Zn",Occurrence,True,False,,,,no tonnage on record,"Zn 0.696%, Pb 0.697%, Cd 0.00113%, Co 0.002%, Cr 0.0118%",,,,0.0,,0,,,Occurrence (Met). Deposit itself unclaimed.,,-9523_10336,13,325.0,19,0.5,,,46.42609,-60.94179,-9525_10336;-9524_10335;-9524_10336;-9524_10337;-9523_10334;-9523_10335;-9523_10336;-9523_10337;-9523_10338;-9522_10335;-9522_10336;-9522_10337;-9521_10336,https://gesner.novascotia.ca/modb/queryView/singlereport.aspx?Occ_number=K07-019,
128,L0128,"Sugarloaf Mountain Cu, Pb, Zn Occurrence",K07-019,Other metallic,Met,"Cu, Pb, Zn",Occurrence,True,False,,,,no tonnage on record,"Zn 0.696%, Pb 0.697%, Cd 0.00113%, Co 0.002%, Cr 0.0118%",,,,0.0,,0,,,Occurrence (Met). Deposit itself unclaimed.,,-9522_10336,13,325.0,19,0.5,,,46.42607,-60.94075,-9524_10336;-9523_10335;-9523_10336;-9523_10337;-9522_10334;-9522_10335;-9522_10336;-9522_10337;-9522_10338;-9521_10335;-9521_10336;-9521_10337;-9520_10336,https://gesner.novascotia.ca/modb/queryView/singlereport.aspx?Occ_number=K07-019,
129,L0129,"Sugarloaf Mountain Cu, Pb, Zn Occurrence",K07-019,Other metallic,Met,"Cu, Pb, Zn",Occurrence,True,False,,,,no tonnage on record,"Zn 0.696%, Pb 0.697%, Cd 0.00113%, Co 0.002%, Cr 0.0118%",,,,0.0,,0,,,Occurrence (Met). Deposit itself unclaimed.,,-9522_10337,13,325.0,19,0.5,,,46.4303,-60.9406,-9524_10337;-9523_10336;-9523_10337;-9523_10338;-9522_10335;-9522_10336;-9522_10337;-9522_10338;-9522_10339;-9521_10336;-9521_10337;-9521_10338;-9520_10337,https://gesner.novascotia.ca/modb/queryView/singlereport.aspx?Occ_number=K07-019,
130,L0130,"Sugarloaf Mountain Cu, Pb, Zn Occurrence",K07-019,Other metallic,Met,"Cu, Pb, Zn",Occurrence,True,False,,,,no tonnage on record,"Zn 0.696%, Pb 0.697%, Cd 0.00113%, Co 0.002%, Cr 0.0118%",,,,0.0,,0,,,Occurrence (Met). Deposit itself unclaimed.,,-9522_10336,13,325.0,19,0.5,,,46.42622,-60.93906,-9524_10336;-9523_10335;-9523_10336;-9523_10337;-9522_10334;-9522_10335;-9522_10336;-9522_10337;-9522_10338;-9521_10335;-9521_10336;-9521_10337;-9520_10336,https://gesner.novascotia.ca/modb/queryView/singlereport.aspx?Occ_number=K07-019,
