hole_id,company,project,country,release_date,source,url,easting,northing,utm_zone,utm_hemi,datum,lat,lon,elev_m,azimuth,dip,depth_m,release_id
SH25-01,Metalsource Mining,,British Columbia,2026-04-16,newsfilecorp,https://www.newsfilecorp.com/release/292826/Metalsource-Mining-Intersects,572408.0,3951597.0,,,,,,224.0,107.0,-63.0,109.0,e1a83b93e41a6cfc
SH25-02,Metalsource Mining,,British Columbia,2026-04-16,newsfilecorp,https://www.newsfilecorp.com/release/292826/Metalsource-Mining-Intersects,572408.0,3951597.0,,,,,,224.0,96.0,-85.0,101.0,e1a83b93e41a6cfc
SH25-03,Metalsource Mining,,British Columbia,2026-04-16,newsfilecorp,https://www.newsfilecorp.com/release/292826/Metalsource-Mining-Intersects,572410.0,3951751.0,,,,,,236.0,96.0,-46.0,305.0,e1a83b93e41a6cfc
SH25-04,Metalsource Mining,,British Columbia,2026-04-16,newsfilecorp,https://www.newsfilecorp.com/release/292826/Metalsource-Mining-Intersects,572410.0,3951751.0,,,,,,236.0,352.0,-89.0,100.0,e1a83b93e41a6cfc
SH26-05,Metalsource Mining,,British Columbia,2026-04-16,newsfilecorp,https://www.newsfilecorp.com/release/292826/Metalsource-Mining-Intersects,572280.0,3951624.0,,,,,,262.0,125.0,-73.0,199.0,e1a83b93e41a6cfc
SH26-06,Metalsource Mining,,British Columbia,2026-04-16,newsfilecorp,https://www.newsfilecorp.com/release/292826/Metalsource-Mining-Intersects,572280.0,3951624.0,,,,,,262.0,129.0,-51.0,154.0,e1a83b93e41a6cfc
SH26-07,Metalsource Mining,,British Columbia,2026-04-16,newsfilecorp,https://www.newsfilecorp.com/release/292826/Metalsource-Mining-Intersects,572280.0,3951624.0,,,,,,262.0,74.0,-89.0,200.0,e1a83b93e41a6cfc
SH26-08,Metalsource Mining,,British Columbia,2026-04-16,newsfilecorp,https://www.newsfilecorp.com/release/292826/Metalsource-Mining-Intersects,572280.0,3951624.0,,,,,,262.0,297.0,-77.0,231.0,e1a83b93e41a6cfc
SH26-09,Metalsource Mining,,British Columbia,2026-04-16,newsfilecorp,https://www.newsfilecorp.com/release/292826/Metalsource-Mining-Intersects,572237.0,3951590.0,,,,,,262.0,89.0,-70.0,15.0,e1a83b93e41a6cfc
SH26-10,Metalsource Mining,,British Columbia,2026-04-16,newsfilecorp,https://www.newsfilecorp.com/release/292826/Metalsource-Mining-Intersects,572237.0,3951590.0,,,,,,262.0,91.0,-76.0,188.0,e1a83b93e41a6cfc
SH26-11,Metalsource Mining,,British Columbia,2026-04-16,newsfilecorp,https://www.newsfilecorp.com/release/292826/Metalsource-Mining-Intersects,572237.0,3951590.0,,,,,,262.0,26.0,-83.0,197.0,e1a83b93e41a6cfc
SH26-12,Metalsource Mining,,British Columbia,2026-04-16,newsfilecorp,https://www.newsfilecorp.com/release/292826/Metalsource-Mining-Intersects,572237.0,3951590.0,,,,,,262.0,293.0,-84.0,255.0,e1a83b93e41a6cfc
SH26-13,Metalsource Mining,,British Columbia,2026-04-16,newsfilecorp,https://www.newsfilecorp.com/release/292826/Metalsource-Mining-Intersects,572237.0,3951590.0,,,,,,262.0,145.0,-82.0,215.0,e1a83b93e41a6cfc
SH26-14,Metalsource Mining,,British Columbia,2026-04-16,newsfilecorp,https://www.newsfilecorp.com/release/292826/Metalsource-Mining-Intersects,572237.0,3951590.0,,,,,,262.0,125.0,-67.0,185.0,e1a83b93e41a6cfc
SH26-15,Metalsource Mining,,British Columbia,2026-04-16,newsfilecorp,https://www.newsfilecorp.com/release/292826/Metalsource-Mining-Intersects,572168.0,3951658.0,,,,,,261.0,107.0,-79.0,267.0,e1a83b93e41a6cfc
SH26-16,Metalsource Mining,,British Columbia,2026-04-16,newsfilecorp,https://www.newsfilecorp.com/release/292826/Metalsource-Mining-Intersects,572168.0,3951658.0,,,,,,261.0,85.0,-76.0,267.0,e1a83b93e41a6cfc
SH26-17,Metalsource Mining,,British Columbia,2026-04-16,newsfilecorp,https://www.newsfilecorp.com/release/292826/Metalsource-Mining-Intersects,572168.0,3951658.0,,,,,,261.0,94.0,-61.0,245.0,e1a83b93e41a6cfc
25PADD028,"Kenorland and Auranova Identify New Gold-Bearing Structural Corridor at the South Uchi Project, Ontario",,Ontario,2026-01-28,newsfilecorp,https://www.newsfilecorp.com/release/281877/Kenorland-and-Auranova,554979.0,5640791.0,15.0,N,NAD83,50.916143,-92.217888,401.0,165.0,-45.0,309.0,b65823414ac4ab1e
25PADD029,"Kenorland and Auranova Identify New Gold-Bearing Structural Corridor at the South Uchi Project, Ontario",,Ontario,2026-01-28,newsfilecorp,https://www.newsfilecorp.com/release/281877/Kenorland-and-Auranova,556222.0,5642216.0,15.0,N,NAD83,50.928836,-92.199988,414.0,185.0,-45.0,507.0,b65823414ac4ab1e
25PADD030,"Kenorland and Auranova Identify New Gold-Bearing Structural Corridor at the South Uchi Project, Ontario",,Ontario,2026-01-28,newsfilecorp,https://www.newsfilecorp.com/release/281877/Kenorland-and-Auranova,555275.0,5640836.0,15.0,N,NAD83,50.916519,-92.213671,402.0,165.0,-45.0,309.0,b65823414ac4ab1e
25PADD031,"Kenorland and Auranova Identify New Gold-Bearing Structural Corridor at the South Uchi Project, Ontario",,Ontario,2026-01-28,newsfilecorp,https://www.newsfilecorp.com/release/281877/Kenorland-and-Auranova,556180.0,5641858.0,15.0,N,NAD83,50.925621,-92.20064,412.0,185.0,-50.0,627.0,b65823414ac4ab1e
25PADD032,"Kenorland and Auranova Identify New Gold-Bearing Structural Corridor at the South Uchi Project, Ontario",,Ontario,2026-01-28,newsfilecorp,https://www.newsfilecorp.com/release/281877/Kenorland-and-Auranova,555275.0,5640837.0,15.0,N,NAD83,50.916528,-92.213671,402.0,165.0,-73.0,441.0,b65823414ac4ab1e
25PADD033,"Kenorland and Auranova Identify New Gold-Bearing Structural Corridor at the South Uchi Project, Ontario",,Ontario,2026-01-28,newsfilecorp,https://www.newsfilecorp.com/release/281877/Kenorland-and-Auranova,555095.0,5640903.0,15.0,N,NAD83,50.917139,-92.216221,405.0,165.0,-59.0,486.0,b65823414ac4ab1e
25PADD034,"Kenorland and Auranova Identify New Gold-Bearing Structural Corridor at the South Uchi Project, Ontario",,Ontario,2026-01-28,newsfilecorp,https://www.newsfilecorp.com/release/281877/Kenorland-and-Auranova,556131.0,5641456.0,15.0,N,NAD83,50.922011,-92.201399,410.0,188.0,-45.0,606.0,b65823414ac4ab1e
25PADD035,"Kenorland and Auranova Identify New Gold-Bearing Structural Corridor at the South Uchi Project, Ontario",,Ontario,2026-01-28,newsfilecorp,https://www.newsfilecorp.com/release/281877/Kenorland-and-Auranova,555078.0,5641184.0,15.0,N,NAD83,50.919667,-92.21642,410.0,170.0,-50.0,567.0,b65823414ac4ab1e
25PADD036,"Kenorland and Auranova Identify New Gold-Bearing Structural Corridor at the South Uchi Project, Ontario",,Ontario,2026-01-28,newsfilecorp,https://www.newsfilecorp.com/release/281877/Kenorland-and-Auranova,555802.0,5641071.0,15.0,N,NAD83,50.918581,-92.206139,410.0,175.0,-48.0,600.0,b65823414ac4ab1e
25PADD037,"Kenorland and Auranova Identify New Gold-Bearing Structural Corridor at the South Uchi Project, Ontario",,Ontario,2026-01-28,newsfilecorp,https://www.newsfilecorp.com/release/281877/Kenorland-and-Auranova,554668.0,5640790.0,15.0,N,NAD83,50.916163,-92.222312,408.0,165.0,-50.0,507.0,b65823414ac4ab1e
25PADD038,"Kenorland and Auranova Identify New Gold-Bearing Structural Corridor at the South Uchi Project, Ontario",,Ontario,2026-01-28,newsfilecorp,https://www.newsfilecorp.com/release/281877/Kenorland-and-Auranova,556314.0,5640930.0,15.0,N,NAD83,50.917264,-92.198877,411.0,172.0,-48.0,834.0,b65823414ac4ab1e
25PADD039,"Kenorland and Auranova Identify New Gold-Bearing Structural Corridor at the South Uchi Project, Ontario",,Ontario,2026-01-28,newsfilecorp,https://www.newsfilecorp.com/release/281877/Kenorland-and-Auranova,556836.0,5640868.0,15.0,N,NAD83,50.916655,-92.191462,425.0,175.0,-48.0,640.0,b65823414ac4ab1e
25PADD040,"Kenorland and Auranova Identify New Gold-Bearing Structural Corridor at the South Uchi Project, Ontario",,Ontario,2026-01-28,newsfilecorp,https://www.newsfilecorp.com/release/281877/Kenorland-and-Auranova,557168.0,5640927.0,15.0,N,NAD83,50.917153,-92.18673,410.0,175.0,-50.0,642.0,b65823414ac4ab1e
26DFDD001,Kenorland Minerals Ltd.,Western Wabigoon,Ontario,2026-08-28,newsfilecorp,https://www.newsfilecorp.com/release/312701/Kenorland-Minerals-Reports-Assay-Results-Western-Wabigoon-Ontario,491397.0,5442142.0,15.0,N,NAD83,49.13205,-93.117932,380.0,125.0,-50.0,522.0,7589d40b05905700
26DFDD002,Kenorland Minerals Ltd.,Western Wabigoon,Ontario,2026-08-28,newsfilecorp,https://www.newsfilecorp.com/release/312701/Kenorland-Minerals-Reports-Assay-Results-Western-Wabigoon-Ontario,490926.0,5441478.0,15.0,N,NAD83,49.12607,-93.124373,384.0,125.0,-50.0,375.0,7589d40b05905700
26DFDD003,Kenorland Minerals Ltd.,Western Wabigoon,Ontario,2026-08-28,newsfilecorp,https://www.newsfilecorp.com/release/312701/Kenorland-Minerals-Reports-Assay-Results-Western-Wabigoon-Ontario,490699.0,5441065.0,15.0,N,NAD83,49.122352,-93.127475,380.0,130.0,-50.0,451.0,7589d40b05905700
26DFDD004,Kenorland Minerals Ltd.,Western Wabigoon,Ontario,2026-08-28,newsfilecorp,https://www.newsfilecorp.com/release/312701/Kenorland-Minerals-Reports-Assay-Results-Western-Wabigoon-Ontario,491535.0,5442607.0,15.0,N,NAD83,49.136235,-93.11605,380.0,115.0,-50.0,411.0,7589d40b05905700
26DFDD005,Kenorland Minerals Ltd.,Western Wabigoon,Ontario,2026-08-28,newsfilecorp,https://www.newsfilecorp.com/release/312701/Kenorland-Minerals-Reports-Assay-Results-Western-Wabigoon-Ontario,490889.0,5440849.0,15.0,N,NAD83,49.120411,-93.124866,394.0,130.0,-50.0,552.0,7589d40b05905700
26DFDD006,Kenorland Minerals Ltd.,Western Wabigoon,Ontario,2026-08-28,newsfilecorp,https://www.newsfilecorp.com/release/312701/Kenorland-Minerals-Reports-Assay-Results-Western-Wabigoon-Ontario,491296.0,5441670.0,15.0,N,NAD83,49.127803,-93.119306,381.0,125.0,-50.0,351.5,7589d40b05905700
26DFDD007,Kenorland Minerals Ltd.,Western Wabigoon,Ontario,2026-08-28,newsfilecorp,https://www.newsfilecorp.com/release/312701/Kenorland-Minerals-Reports-Assay-Results-Western-Wabigoon-Ontario,491123.0,5441959.0,15.0,N,NAD83,49.1304,-93.121684,396.0,125.0,-50.0,456.0,7589d40b05905700
26DFDD008,Kenorland Minerals Ltd.,Western Wabigoon,Ontario,2026-08-28,newsfilecorp,https://www.newsfilecorp.com/release/312701/Kenorland-Minerals-Reports-Assay-Results-Western-Wabigoon-Ontario,490979.0,5441687.0,15.0,N,NAD83,49.127951,-93.123652,378.0,125.0,-50.0,487.5,7589d40b05905700
26DFDD009,Kenorland Minerals Ltd.,Western Wabigoon,Ontario,2026-08-28,newsfilecorp,https://www.newsfilecorp.com/release/312701/Kenorland-Minerals-Reports-Assay-Results-Western-Wabigoon-Ontario,491471.0,5442366.0,15.0,N,NAD83,49.134066,-93.116922,384.0,120.0,-50.0,483.0,7589d40b05905700
MM-26-41,Canstar Resources Inc.,Mary March VMS,Newfoundland & Labrador,2026-08-14,newsfilecorp,https://www.newsfilecorp.com/release/311773/Canstar-Resources-Intersects-Mary-March,534419.0,5408974.0,21.0,N,NAD27,48.834748,-56.530038,188.0,145.52,-47.9,757.0,ec91e8d409b2a1fd
MM-26-42,Canstar Resources Inc.,Mary March VMS,Newfoundland & Labrador,2026-08-14,newsfilecorp,https://www.newsfilecorp.com/release/311773/Canstar-Resources-Intersects-Mary-March,534326.0,5408892.0,21.0,N,NAD27,48.834015,-56.531312,191.0,140.5,-68.31,576.0,ec91e8d409b2a1fd
MM-26-43,Canstar Resources Inc.,Mary March VMS,Newfoundland & Labrador,2026-08-14,newsfilecorp,https://www.newsfilecorp.com/release/311773/Canstar-Resources-Intersects-Mary-March,534283.0,5408843.0,21.0,N,NAD27,48.833577,-56.531902,193.0,136.58,-57.75,745.0,ec91e8d409b2a1fd
MM-26-44,Canstar Resources Inc.,Mary March VMS,Newfoundland & Labrador,2026-08-14,newsfilecorp,https://www.newsfilecorp.com/release/311773/Canstar-Resources-Intersects-Mary-March,534326.0,5408892.0,21.0,N,NAD27,48.834015,-56.531312,191.0,133.04,-58.98,678.0,ec91e8d409b2a1fd
BBDD0030,Awale Resources Limited,Odienne (BBM),Cote d'Ivoire,2026-07-20,newsfilecorp,https://www.newsfilecorp.com/release/305733/Awale-BBM-Odienne,655688.9,1048045.4,,,,,,418.7,32.0,-62.0,500.2,ace957fc68069cbe
BBDD0031,Awale Resources Limited,Odienne (BBM),Cote d'Ivoire,2026-07-20,newsfilecorp,https://www.newsfilecorp.com/release/305733/Awale-BBM-Odienne,655632.1,1048068.1,,,,,,421.5,25.0,-62.0,497.9,ace957fc68069cbe
